time,nb_sleeping,nb_switching_on,nb_switching_off,nb_idle,nb_computing
0.642215,0,0,0,799,1
0.849197,0,0,0,798,2
1.12757,0,0,0,797,3
1.26478,0,0,0,796,4
1.35811,0,0,0,795,5
1.47823,0,0,0,794,6
1.68185,0,0,0,793,7
2.07376,0,0,0,792,8
2.70448,0,0,0,791,9
3.27633,0,0,0,790,10
3.58197,0,0,0,789,11
3.5864,0,0,0,788,12
3.6763,0,0,0,787,13
4.37438,0,0,0,786,14
4.65709,0,0,0,785,15
5.06585,0,0,0,784,16
5.3406,0,0,0,783,17
5.44916,0,0,0,782,18
5.63951,0,0,0,781,19
5.7545,0,0,0,780,20
6.17708,0,0,0,779,21
6.47955,0,0,0,778,22
6.52491,0,0,0,777,23
6.6856,0,0,0,776,24
6.73591,0,0,0,775,25
6.75734,0,0,0,774,26
7.2342,0,0,0,773,27
7.30309,0,0,0,772,28
8.13203,0,0,0,771,29
8.21232,0,0,0,770,30
8.58714,0,0,0,769,31
8.61919,0,0,0,768,32
8.69416,0,0,0,767,33
8.83565,0,0,0,766,34
9.06929,0,0,0,765,35
9.13543,0,0,0,764,36
9.28464,0,0,0,763,37
9.69354,0,0,0,762,38
9.76618,0,0,0,761,39
10.0499,0,0,0,760,40
10.3054,0,0,0,759,41
10.6216,0,0,0,758,42
10.7607,0,0,0,757,43
11.0062,0,0,0,756,44
11.3142,0,0,0,755,45
12.0561,0,0,0,754,46
12.4948,0,0,0,755,45
13.0301,0,0,0,754,46
13.0574,0,0,0,753,47
13.0986,0,0,0,752,48
13.1231,0,0,0,751,49
13.1965,0,0,0,750,50
13.2584,0,0,0,749,51
13.2631,0,0,0,748,52
13.3269,0,0,0,747,53
13.9995,0,0,0,746,54
14.0859,0,0,0,745,55
14.7404,0,0,0,746,54
14.8038,0,0,0,745,55
14.8212,0,0,0,744,56
15.6618,0,0,0,743,57
15.8556,0,0,0,742,58
15.8714,0,0,0,741,59
15.9169,0,0,0,740,60
16.102,0,0,0,741,59
16.1456,0,0,0,740,60
16.1885,0,0,0,739,61
16.2403,0,0,0,738,62
16.3805,0,0,0,737,63
16.8574,0,0,0,738,62
17.267,0,0,0,737,63
17.3056,0,0,0,736,64
17.3115,0,0,0,735,65
17.7939,0,0,0,734,66
18.3358,0,0,0,735,65
18.3825,0,0,0,736,64
18.3981,0,0,0,735,65
18.9982,0,0,0,736,64
19.0316,0,0,0,735,65
19.108,0,0,0,734,66
19.1514,0,0,0,733,67
19.3677,0,0,0,732,68
20.0692,0,0,0,733,67
20.1841,0,0,0,734,66
20.1978,0,0,0,735,65
20.316,0,0,0,734,66
20.4393,0,0,0,733,67
20.769,0,0,0,734,66
20.8142,0,0,0,735,65
20.9458,0,0,0,736,64
21.0983,0,0,0,735,65
21.335,0,0,0,734,66
21.5783,0,0,0,733,67
21.764,0,0,0,734,66
21.9817,0,0,0,733,67
22.4933,0,0,0,732,68
22.6386,0,0,0,731,69
22.7175,0,0,0,732,68
22.8758,0,0,0,731,69
22.8847,0,0,0,732,68
23.2873,0,0,0,733,67
23.3574,0,0,0,732,68
23.6048,0,0,0,733,67
23.7125,0,0,0,734,66
23.9579,0,0,0,733,67
24.2228,0,0,0,732,68
24.3715,0,0,0,731,69
24.561,0,0,0,732,68
25.0245,0,0,0,731,69
25.2983,0,0,0,732,68
25.6232,0,0,0,733,67
25.6385,0,0,0,734,66
25.7252,0,0,0,735,65
25.7326,0,0,0,734,66
26.1286,0,0,0,735,65
26.3506,0,0,0,734,66
26.447,0,0,0,733,67
26.7221,0,0,0,734,66
26.8847,0,0,0,733,67
26.9282,0,0,0,734,66
27.1422,0,0,0,733,67
27.2372,0,0,0,734,66
27.4044,0,0,0,733,67
27.5659,0,0,0,734,66
28.1825,0,0,0,735,65
28.1965,0,0,0,736,64
28.3607,0,0,0,735,65
28.3702,0,0,0,736,64
28.3957,0,0,0,737,63
28.4739,0,0,0,738,62
28.6091,0,0,0,739,61
28.8566,0,0,0,738,62
28.8571,0,0,0,739,61
28.9725,0,0,0,738,62
29.1519,0,0,0,739,61
29.1671,0,0,0,738,62
29.4072,0,0,0,739,61
29.4238,0,0,0,738,62
29.5223,0,0,0,739,61
29.5324,0,0,0,738,62
29.741,0,0,0,737,63
29.8269,0,0,0,738,62
29.898,0,0,0,739,61
30.1085,0,0,0,738,62
30.1321,0,0,0,737,63
30.178,0,0,0,738,62
30.1825,0,0,0,737,63
30.9579,0,0,0,736,64
31.0001,0,0,0,735,65
31.2142,0,0,0,736,64
31.2318,0,0,0,737,63
31.3196,0,0,0,736,64
31.6995,0,0,0,735,65
31.8018,0,0,0,734,66
32.1263,0,0,0,733,67
32.2769,0,0,0,732,68
32.3221,0,0,0,731,69
32.4693,0,0,0,732,68
32.626,0,0,0,731,69
32.7065,0,0,0,730,70
32.8596,0,0,0,731,69
33.0611,0,0,0,730,70
33.1887,0,0,0,731,69
33.2118,0,0,0,732,68
33.3109,0,0,0,731,69
33.3226,0,0,0,732,68
33.3555,0,0,0,731,69
33.4423,0,0,0,732,68
33.8339,0,0,0,733,67
34.2438,0,0,0,732,68
34.2472,0,0,0,731,69
34.4278,0,0,0,730,70
34.4606,0,0,0,731,69
34.8222,0,0,0,730,70
34.8519,0,0,0,729,71
35.0393,0,0,0,730,70
35.0459,0,0,0,731,69
35.6272,0,0,0,732,68
35.9621,0,0,0,731,69
35.9667,0,0,0,730,70
36.0188,0,0,0,731,69
36.0239,0,0,0,732,68
36.5895,0,0,0,731,69
36.6556,0,0,0,730,70
37.0198,0,0,0,729,71
37.219,0,0,0,728,72
37.4325,0,0,0,729,71
37.4435,0,0,0,728,72
37.4442,0,0,0,729,71
37.6653,0,0,0,730,70
37.9857,0,0,0,729,71
38.1181,0,0,0,730,70
38.1442,0,0,0,731,69
38.2719,0,0,0,730,70
38.3333,0,0,0,731,69
38.4029,0,0,0,732,68
38.8324,0,0,0,731,69
38.9656,0,0,0,730,70
39.2967,0,0,0,729,71
39.3754,0,0,0,730,70
39.4598,0,0,0,731,69
39.5551,0,0,0,732,68
39.6397,0,0,0,731,69
39.9846,0,0,0,732,68
40.0465,0,0,0,733,67
40.0717,0,0,0,734,66
40.1274,0,0,0,735,65
40.1974,0,0,0,734,66
40.6419,0,0,0,733,67
40.6908,0,0,0,732,68
40.7813,0,0,0,733,67
40.7957,0,0,0,732,68
40.8423,0,0,0,733,67
41.0827,0,0,0,734,66
41.4785,0,0,0,735,65
41.506,0,0,0,736,64
41.6412,0,0,0,737,63
41.672,0,0,0,736,64
41.7195,0,0,0,735,65
41.8723,0,0,0,734,66
42.2994,0,0,0,733,67
42.4768,0,0,0,734,66
42.711,0,0,0,735,65
42.7356,0,0,0,734,66
42.7998,0,0,0,733,67
42.8101,0,0,0,734,66
42.814,0,0,0,735,65
43.0512,0,0,0,736,64
43.5458,0,0,0,737,63
44.3471,0,0,0,738,62
44.4092,0,0,0,739,61
44.5963,0,0,0,738,62
44.7219,0,0,0,739,61
44.7538,0,0,0,740,60
44.8885,0,0,0,741,59
44.9692,0,0,0,740,60
45.6311,0,0,0,741,59
45.855,0,0,0,740,60
45.8601,0,0,0,739,61
45.9141,0,0,0,740,60
45.9457,0,0,0,739,61
46.0836,0,0,0,738,62
46.1294,0,0,0,737,63
46.3969,0,0,0,736,64
46.5088,0,0,0,735,65
46.5781,0,0,0,734,66
46.7226,0,0,0,733,67
46.7802,0,0,0,734,66
46.8266,0,0,0,733,67
46.9465,0,0,0,732,68
47.2111,0,0,0,733,67
47.8401,0,0,0,732,68
48.0168,0,0,0,733,67
48.2067,0,0,0,732,68
48.302,0,0,0,733,67
48.364,0,0,0,734,66
48.4084,0,0,0,735,65
48.5688,0,0,0,734,66
48.6028,0,0,0,735,65
48.6056,0,0,0,734,66
48.6828,0,0,0,735,65
48.7025,0,0,0,734,66
48.8069,0,0,0,733,67
48.8679,0,0,0,732,68
48.9991,0,0,0,731,69
49.281,0,0,0,730,70
49.2959,0,0,0,731,69
49.4267,0,0,0,730,70
49.5918,0,0,0,731,69
49.6774,0,0,0,730,70
49.6875,0,0,0,731,69
49.7033,0,0,0,730,70
49.9122,0,0,0,729,71
49.9216,0,0,0,730,70
50.6258,0,0,0,729,71
50.838,0,0,0,728,72
50.9327,0,0,0,729,71
51.1419,0,0,0,730,70
51.1853,0,0,0,731,69
51.6184,0,0,0,732,68
51.6684,0,0,0,731,69
52.0676,0,0,0,732,68
52.0958,0,0,0,733,67
52.7823,0,0,0,734,66
53.2783,0,0,0,735,65
53.3191,0,0,0,736,64
53.343,0,0,0,737,63
53.5732,0,0,0,736,64
53.6131,0,0,0,735,65
53.6972,0,0,0,736,64
53.9368,0,0,0,737,63
54.1696,0,0,0,738,62
54.4428,0,0,0,737,63
54.8188,0,0,0,738,62
54.8391,0,0,0,739,61
55.1843,0,0,0,738,62
55.2429,0,0,0,737,63
55.274,0,0,0,738,62
55.4352,0,0,0,739,61
55.609,0,0,0,738,62
55.7181,0,0,0,737,63
55.892,0,0,0,738,62
55.9693,0,0,0,737,63
55.9786,0,0,0,736,64
56.0111,0,0,0,737,63
56.0737,0,0,0,736,64
56.1526,0,0,0,735,65
56.8031,0,0,0,734,66
56.9499,0,0,0,735,65
57.0187,0,0,0,734,66
57.1212,0,0,0,733,67
57.2264,0,0,0,732,68
57.3074,0,0,0,733,67
57.4961,0,0,0,734,66
57.5917,0,0,0,735,65
57.615,0,0,0,734,66
57.7159,0,0,0,733,67
57.9119,0,0,0,732,68
58.3749,0,0,0,731,69
58.7246,0,0,0,732,68
58.7478,0,0,0,731,69
58.8301,0,0,0,732,68
58.8552,0,0,0,733,67
58.8744,0,0,0,734,66
59.0338,0,0,0,733,67
59.5117,0,0,0,734,66
59.7964,0,0,0,733,67
59.8624,0,0,0,732,68
59.8852,0,0,0,733,67
60.0813,0,0,0,734,66
60.1372,0,0,0,733,67
60.1416,0,0,0,732,68
60.2961,0,0,0,731,69
60.359,0,0,0,732,68
60.4642,0,0,0,733,67
60.4732,0,0,0,734,66
60.7223,0,0,0,735,65
60.7825,0,0,0,736,64
61.0254,0,0,0,737,63
61.0898,0,0,0,736,64
61.1345,0,0,0,737,63
61.2708,0,0,0,738,62
61.41,0,0,0,739,61
61.4168,0,0,0,738,62
61.5629,0,0,0,737,63
61.6183,0,0,0,738,62
61.6408,0,0,0,737,63
62.1069,0,0,0,736,64
62.1799,0,0,0,735,65
62.5746,0,0,0,734,66
62.6473,0,0,0,735,65
62.7122,0,0,0,734,66
62.7775,0,0,0,733,67
62.8248,0,0,0,734,66
62.9613,0,0,0,735,65
63.0376,0,0,0,734,66
63.2997,0,0,0,735,65
63.5323,0,0,0,734,66
63.6373,0,0,0,735,65
63.6951,0,0,0,734,66
63.7215,0,0,0,735,65
63.9748,0,0,0,734,66
64.2615,0,0,0,735,65
64.3237,0,0,0,736,64
64.8809,0,0,0,735,65
64.9657,0,0,0,736,64
64.9714,0,0,0,737,63
65.3193,0,0,0,736,64
65.3739,0,0,0,737,63
65.4394,0,0,0,736,64
65.5525,0,0,0,735,65
65.8496,0,0,0,736,64
65.8802,0,0,0,735,65
65.9129,0,0,0,736,64
66.0738,0,0,0,735,65
66.0748,0,0,0,736,64
66.3841,0,0,0,735,65
66.3967,0,0,0,736,64
66.3993,0,0,0,737,63
66.9303,0,0,0,736,64
67.1803,0,0,0,735,65
67.3932,0,0,0,734,66
67.4456,0,0,0,735,65
67.5601,0,0,0,736,64
67.7108,0,0,0,737,63
67.8019,0,0,0,736,64
67.8349,0,0,0,737,63
67.9463,0,0,0,736,64
68.0822,0,0,0,735,65
68.0947,0,0,0,734,66
68.1901,0,0,0,735,65
68.3475,0,0,0,734,66
68.6672,0,0,0,733,67
69.1001,0,0,0,734,66
69.1085,0,0,0,733,67
69.1086,0,0,0,734,66
69.2972,0,0,0,735,65
69.5204,0,0,0,734,66
69.6203,0,0,0,733,67
69.7152,0,0,0,732,68
69.8094,0,0,0,731,69
69.8584,0,0,0,730,70
70.1545,0,0,0,729,71
70.1665,0,0,0,728,72
70.2427,0,0,0,727,73
70.3161,0,0,0,726,74
70.5695,0,0,0,727,73
70.6052,0,0,0,726,74
70.7792,0,0,0,727,73
70.7824,0,0,0,726,74
70.9728,0,0,0,727,73
71.0022,0,0,0,726,74
71.0053,0,0,0,725,75
71.8197,0,0,0,726,74
71.9995,0,0,0,725,75
72.138,0,0,0,726,74
72.1561,0,0,0,727,73
72.3066,0,0,0,726,74
72.3648,0,0,0,725,75
72.4636,0,0,0,726,74
72.6355,0,0,0,725,75
72.7131,0,0,0,724,76
72.7706,0,0,0,725,75
73.0456,0,0,0,724,76
73.1504,0,0,0,725,75
73.1811,0,0,0,724,76
73.2371,0,0,0,725,75
73.4449,0,0,0,726,74
73.5192,0,0,0,725,75
73.6893,0,0,0,724,76
73.8632,0,0,0,723,77
73.8719,0,0,0,722,78
73.9089,0,0,0,723,77
73.9788,0,0,0,724,76
74.2213,0,0,0,725,75
74.4142,0,0,0,726,74
74.4872,0,0,0,727,73
74.9844,0,0,0,726,74
75.1704,0,0,0,725,75
75.1754,0,0,0,726,74
75.3821,0,0,0,725,75
75.4163,0,0,0,726,74
75.4851,0,0,0,727,73
75.5304,0,0,0,728,72
75.6263,0,0,0,727,73
76.0009,0,0,0,726,74
76.0642,0,0,0,725,75
76.0777,0,0,0,726,74
76.14,0,0,0,727,73
76.1775,0,0,0,726,74
76.4152,0,0,0,727,73
76.5185,0,0,0,726,74
76.6694,0,0,0,725,75
76.7203,0,0,0,724,76
76.8809,0,0,0,725,75
77.0419,0,0,0,726,74
77.054,0,0,0,727,73
77.1631,0,0,0,726,74
77.2005,0,0,0,725,75
77.2036,0,0,0,726,74
78.1656,0,0,0,727,73
78.3327,0,0,0,728,72
78.6641,0,0,0,727,73
78.9452,0,0,0,728,72
78.9775,0,0,0,729,71
79.0041,0,0,0,728,72
79.4154,0,0,0,729,71
79.4832,0,0,0,728,72
79.5338,0,0,0,727,73
79.5984,0,0,0,726,74
79.6898,0,0,0,727,73
79.6928,0,0,0,728,72
79.8454,0,0,0,727,73
80.2681,0,0,0,726,74
80.277,0,0,0,725,75
80.2927,0,0,0,726,74
80.3209,0,0,0,727,73
80.3313,0,0,0,728,72
80.3373,0,0,0,727,73
80.3456,0,0,0,726,74
80.4833,0,0,0,727,73
80.7062,0,0,0,726,74
80.7093,0,0,0,727,73
81.0963,0,0,0,726,74
81.1299,0,0,0,725,75
81.2913,0,0,0,724,76
81.5191,0,0,0,725,75
81.7043,0,0,0,724,76
82.1116,0,0,0,725,75
82.2069,0,0,0,726,74
82.3871,0,0,0,725,75
82.4551,0,0,0,726,74
82.5218,0,0,0,725,75
82.6012,0,0,0,724,76
82.846,0,0,0,725,75
83.0225,0,0,0,724,76
83.0602,0,0,0,723,77
83.1474,0,0,0,722,78
83.2913,0,0,0,721,79
83.3364,0,0,0,720,80
83.6819,0,0,0,719,81
83.7889,0,0,0,720,80
83.93,0,0,0,721,79
84.0439,0,0,0,722,78
84.0535,0,0,0,723,77
84.3479,0,0,0,722,78
84.3592,0,0,0,723,77
84.3845,0,0,0,722,78
84.8634,0,0,0,721,79
84.8887,0,0,0,720,80
85.1459,0,0,0,721,79
85.2648,0,0,0,722,78
85.3127,0,0,0,723,77
85.5601,0,0,0,722,78
85.796,0,0,0,723,77
85.8761,0,0,0,722,78
86.0544,0,0,0,723,77
86.1001,0,0,0,724,76
86.3111,0,0,0,725,75
86.3313,0,0,0,724,76
86.5205,0,0,0,725,75
86.8689,0,0,0,724,76
86.8977,0,0,0,725,75
87.0074,0,0,0,726,74
87.0268,0,0,0,727,73
87.1222,0,0,0,728,72
87.1875,0,0,0,729,71
87.437,0,0,0,728,72
87.5485,0,0,0,729,71
87.6959,0,0,0,730,70
87.7603,0,0,0,729,71
88.0965,0,0,0,728,72
88.14,0,0,0,727,73
88.312,0,0,0,726,74
88.4645,0,0,0,727,73
88.5092,0,0,0,726,74
88.5924,0,0,0,725,75
88.7426,0,0,0,726,74
88.9402,0,0,0,727,73
89.1947,0,0,0,728,72
89.2261,0,0,0,729,71
89.2691,0,0,0,728,72
89.3011,0,0,0,729,71
89.8214,0,0,0,728,72
89.8844,0,0,0,729,71
89.9073,0,0,0,728,72
90.0347,0,0,0,727,73
90.0501,0,0,0,726,74
90.1213,0,0,0,727,73
90.2109,0,0,0,726,74
90.2305,0,0,0,727,73
90.4326,0,0,0,728,72
90.7957,0,0,0,729,71
90.8128,0,0,0,728,72
91.1373,0,0,0,729,71
91.1426,0,0,0,728,72
91.2973,0,0,0,729,71
91.6289,0,0,0,730,70
92.1877,0,0,0,729,71
92.5663,0,0,0,730,70
92.5902,0,0,0,731,69
92.6519,0,0,0,730,70
92.9214,0,0,0,729,71
93.0448,0,0,0,728,72
93.1771,0,0,0,727,73
93.4907,0,0,0,728,72
93.6609,0,0,0,727,73
93.8669,0,0,0,728,72
94.0079,0,0,0,729,71
94.0612,0,0,0,728,72
94.2321,0,0,0,727,73
94.3124,0,0,0,728,72
94.4028,0,0,0,729,71
94.4765,0,0,0,730,70
94.828,0,0,0,729,71
94.9109,0,0,0,730,70
95.3778,0,0,0,731,69
95.4164,0,0,0,730,70
95.4334,0,0,0,731,69
95.7609,0,0,0,730,70
95.9142,0,0,0,729,71
96.0325,0,0,0,730,70
96.0739,0,0,0,731,69
96.1548,0,0,0,730,70
96.2122,0,0,0,729,71
96.4346,0,0,0,730,70
96.4475,0,0,0,729,71
96.4635,0,0,0,728,72
96.6276,0,0,0,729,71
96.6957,0,0,0,730,70
96.7123,0,0,0,731,69
96.7621,0,0,0,732,68
96.9764,0,0,0,731,69
97.1605,0,0,0,732,68
97.2715,0,0,0,733,67
97.2939,0,0,0,734,66
97.3504,0,0,0,735,65
97.4125,0,0,0,736,64
97.7212,0,0,0,735,65
98.2618,0,0,0,736,64
98.3424,0,0,0,735,65
98.661,0,0,0,736,64
98.7624,0,0,0,735,65
99.0841,0,0,0,734,66
99.1531,0,0,0,733,67
99.368,0,0,0,734,66
99.464,0,0,0,733,67
99.5069,0,0,0,734,66
99.5833,0,0,0,735,65
99.7011,0,0,0,734,66
99.8236,0,0,0,735,65
99.9758,0,0,0,736,64
100.173,0,0,0,737,63
100.418,0,0,0,738,62
100.459,0,0,0,739,61
100.523,0,0,0,740,60
100.738,0,0,0,739,61
100.774,0,0,0,738,62
100.844,0,0,0,737,63
100.901,0,0,0,736,64
100.908,0,0,0,737,63
101.247,0,0,0,738,62
101.362,0,0,0,739,61
101.474,0,0,0,740,60
101.835,0,0,0,741,59
101.974,0,0,0,742,58
102.248,0,0,0,743,57
102.252,0,0,0,742,58
102.34,0,0,0,741,59
102.455,0,0,0,740,60
102.488,0,0,0,739,61
102.813,0,0,0,738,62
103.041,0,0,0,739,61
103.066,0,0,0,740,60
103.076,0,0,0,739,61
103.128,0,0,0,740,60
103.273,0,0,0,741,59
103.303,0,0,0,740,60
103.311,0,0,0,739,61
103.756,0,0,0,740,60
103.975,0,0,0,739,61
104.126,0,0,0,740,60
104.187,0,0,0,741,59
104.243,0,0,0,742,58
104.27,0,0,0,741,59
104.325,0,0,0,742,58
104.348,0,0,0,741,59
104.374,0,0,0,740,60
104.616,0,0,0,739,61
104.618,0,0,0,738,62
104.806,0,0,0,739,61
105.27,0,0,0,740,60
105.345,0,0,0,739,61
105.558,0,0,0,740,60
105.607,0,0,0,739,61
105.643,0,0,0,740,60
105.825,0,0,0,739,61
105.897,0,0,0,738,62
106.199,0,0,0,739,61
106.383,0,0,0,738,62
106.487,0,0,0,737,63
106.648,0,0,0,736,64
106.914,0,0,0,737,63
107.027,0,0,0,736,64
107.077,0,0,0,735,65
107.464,0,0,0,734,66
107.5,0,0,0,733,67
107.537,0,0,0,734,66
107.729,0,0,0,733,67
107.76,0,0,0,734,66
108.036,0,0,0,733,67
108.527,0,0,0,734,66
108.668,0,0,0,735,65
108.808,0,0,0,734,66
108.835,0,0,0,735,65
108.996,0,0,0,736,64
109.029,0,0,0,737,63
109.147,0,0,0,736,64
109.303,0,0,0,735,65
109.545,0,0,0,736,64
109.558,0,0,0,737,63
109.56,0,0,0,738,62
109.716,0,0,0,737,63
109.835,0,0,0,738,62
109.902,0,0,0,739,61
109.978,0,0,0,740,60
110.208,0,0,0,739,61
110.401,0,0,0,738,62
110.701,0,0,0,739,61
110.741,0,0,0,740,60
110.752,0,0,0,739,61
110.793,0,0,0,740,60
110.99,0,0,0,739,61
111.038,0,0,0,738,62
111.635,0,0,0,739,61
111.723,0,0,0,738,62
111.765,0,0,0,737,63
112.033,0,0,0,736,64
112.17,0,0,0,735,65
112.237,0,0,0,736,64
112.297,0,0,0,735,65
112.454,0,0,0,736,64
112.498,0,0,0,737,63
112.76,0,0,0,736,64
112.864,0,0,0,735,65
112.895,0,0,0,736,64
112.905,0,0,0,735,65
112.964,0,0,0,736,64
113.015,0,0,0,737,63
113.461,0,0,0,738,62
113.867,0,0,0,739,61
113.882,0,0,0,740,60
114.018,0,0,0,739,61
114.065,0,0,0,740,60
114.302,0,0,0,741,59
114.383,0,0,0,740,60
114.447,0,0,0,741,59
114.711,0,0,0,740,60
114.82,0,0,0,741,59
115.274,0,0,0,740,60
115.875,0,0,0,739,61
115.989,0,0,0,740,60
116.335,0,0,0,741,59
116.568,0,0,0,740,60
116.591,0,0,0,739,61
116.622,0,0,0,738,62
116.66,0,0,0,739,61
116.936,0,0,0,740,60
117.544,0,0,0,741,59
117.583,0,0,0,740,60
117.865,0,0,0,739,61
117.921,0,0,0,738,62
118.145,0,0,0,737,63
118.174,0,0,0,736,64
118.263,0,0,0,737,63
118.626,0,0,0,738,62
118.672,0,0,0,737,63
119.173,0,0,0,736,64
119.177,0,0,0,735,65
119.519,0,0,0,736,64
119.944,0,0,0,735,65
119.95,0,0,0,734,66
120.117,0,0,0,735,65
120.263,0,0,0,736,64
120.305,0,0,0,735,65
120.464,0,0,0,734,66
120.668,0,0,0,735,65
120.672,0,0,0,734,66
120.693,0,0,0,735,65
120.801,0,0,0,736,64
120.817,0,0,0,735,65
121.256,0,0,0,734,66
121.689,0,0,0,733,67
121.77,0,0,0,734,66
122.075,0,0,0,733,67
122.311,0,0,0,732,68
122.312,0,0,0,731,69
122.609,0,0,0,732,68
122.624,0,0,0,731,69
122.784,0,0,0,732,68
122.798,0,0,0,731,69
122.816,0,0,0,730,70
122.905,0,0,0,729,71
123.245,0,0,0,730,70
123.256,0,0,0,731,69
123.324,0,0,0,732,68
123.399,0,0,0,733,67
123.434,0,0,0,734,66
123.438,0,0,0,735,65
123.452,0,0,0,736,64
123.47,0,0,0,735,65
123.63,0,0,0,736,64
123.686,0,0,0,737,63
123.901,0,0,0,738,62
124.419,0,0,0,739,61
124.717,0,0,0,740,60
124.821,0,0,0,739,61
125.038,0,0,0,738,62
125.045,0,0,0,739,61
125.289,0,0,0,740,60
125.323,0,0,0,741,59
125.657,0,0,0,740,60
125.862,0,0,0,741,59
125.864,0,0,0,742,58
125.89,0,0,0,743,57
125.967,0,0,0,742,58
126.054,0,0,0,743,57
126.078,0,0,0,744,56
126.09,0,0,0,743,57
126.095,0,0,0,742,58
126.236,0,0,0,741,59
126.245,0,0,0,742,58
126.533,0,0,0,743,57
126.863,0,0,0,742,58
126.874,0,0,0,741,59
126.942,0,0,0,740,60
127.132,0,0,0,739,61
127.419,0,0,0,740,60
127.54,0,0,0,741,59
128.213,0,0,0,740,60
128.398,0,0,0,739,61
128.591,0,0,0,740,60
128.654,0,0,0,739,61
128.777,0,0,0,740,60
129.702,0,0,0,739,61
130.139,0,0,0,740,60
130.33,0,0,0,739,61
131.02,0,0,0,740,60
131.213,0,0,0,741,59
131.366,0,0,0,742,58
131.384,0,0,0,741,59
131.392,0,0,0,740,60
131.501,0,0,0,741,59
131.687,0,0,0,742,58
132.032,0,0,0,743,57
132.088,0,0,0,742,58
132.368,0,0,0,743,57
132.413,0,0,0,744,56
132.492,0,0,0,743,57
132.591,0,0,0,744,56
132.808,0,0,0,743,57
132.978,0,0,0,742,58
133.408,0,0,0,743,57
133.426,0,0,0,742,58
133.564,0,0,0,741,59
133.598,0,0,0,742,58
133.739,0,0,0,743,57
133.767,0,0,0,742,58
134.032,0,0,0,743,57
134.093,0,0,0,742,58
134.227,0,0,0,741,59
134.248,0,0,0,742,58
134.303,0,0,0,741,59
134.738,0,0,0,740,60
134.835,0,0,0,741,59
134.858,0,0,0,740,60
135.382,0,0,0,741,59
135.396,0,0,0,742,58
135.459,0,0,0,743,57
135.469,0,0,0,744,56
135.507,0,0,0,745,55
135.569,0,0,0,746,54
135.966,0,0,0,745,55
135.969,0,0,0,744,56
136.043,0,0,0,743,57
136.133,0,0,0,742,58
136.349,0,0,0,743,57
136.491,0,0,0,742,58
136.771,0,0,0,741,59
136.886,0,0,0,740,60
137.064,0,0,0,741,59
137.138,0,0,0,742,58
137.215,0,0,0,741,59
137.655,0,0,0,742,58
137.828,0,0,0,741,59
138.242,0,0,0,742,58
138.273,0,0,0,741,59
138.367,0,0,0,740,60
138.458,0,0,0,739,61
138.466,0,0,0,738,62
138.478,0,0,0,739,61
138.489,0,0,0,738,62
138.572,0,0,0,737,63
138.637,0,0,0,738,62
138.811,0,0,0,737,63
138.937,0,0,0,738,62
139.39,0,0,0,739,61
139.519,0,0,0,738,62
140.102,0,0,0,737,63
140.151,0,0,0,736,64
140.435,0,0,0,735,65
140.516,0,0,0,734,66
140.584,0,0,0,733,67
140.674,0,0,0,734,66
140.678,0,0,0,733,67
140.722,0,0,0,732,68
140.791,0,0,0,731,69
140.834,0,0,0,732,68
140.856,0,0,0,731,69
140.923,0,0,0,732,68
140.927,0,0,0,731,69
141.236,0,0,0,732,68
141.463,0,0,0,733,67
141.783,0,0,0,734,66
141.83,0,0,0,735,65
142.026,0,0,0,734,66
142.222,0,0,0,735,65
142.671,0,0,0,734,66
142.967,0,0,0,735,65
143.203,0,0,0,734,66
143.231,0,0,0,733,67
143.397,0,0,0,734,66
143.494,0,0,0,733,67
143.559,0,0,0,734,66
143.589,0,0,0,733,67
143.688,0,0,0,734,66
143.706,0,0,0,735,65
143.781,0,0,0,734,66
144.069,0,0,0,735,65
144.128,0,0,0,736,64
144.236,0,0,0,737,63
144.41,0,0,0,736,64
144.813,0,0,0,735,65
145.321,0,0,0,734,66
145.55,0,0,0,733,67
145.776,0,0,0,732,68
145.816,0,0,0,731,69
145.908,0,0,0,732,68
146.02,0,0,0,731,69
146.056,0,0,0,732,68
146.136,0,0,0,731,69
146.431,0,0,0,730,70
146.567,0,0,0,731,69
146.609,0,0,0,730,70
146.759,0,0,0,731,69
146.799,0,0,0,730,70
146.828,0,0,0,729,71
146.838,0,0,0,730,70
147.061,0,0,0,731,69
147.289,0,0,0,732,68
147.349,0,0,0,733,67
147.497,0,0,0,734,66
147.614,0,0,0,733,67
147.887,0,0,0,734,66
148.267,0,0,0,733,67
148.347,0,0,0,732,68
148.596,0,0,0,731,69
148.695,0,0,0,730,70
148.706,0,0,0,729,71
148.76,0,0,0,728,72
148.993,0,0,0,727,73
149.016,0,0,0,726,74
149.098,0,0,0,725,75
149.103,0,0,0,726,74
149.157,0,0,0,727,73
149.426,0,0,0,728,72
149.574,0,0,0,727,73
149.763,0,0,0,728,72
149.868,0,0,0,727,73
150.152,0,0,0,726,74
150.186,0,0,0,727,73
150.219,0,0,0,726,74
150.279,0,0,0,725,75
150.535,0,0,0,724,76
150.683,0,0,0,725,75
150.684,0,0,0,726,74
150.829,0,0,0,725,75
150.879,0,0,0,726,74
150.998,0,0,0,727,73
151.07,0,0,0,728,72
151.214,0,0,0,727,73
151.94,0,0,0,726,74
152.104,0,0,0,727,73
152.138,0,0,0,728,72
152.333,0,0,0,729,71
152.371,0,0,0,730,70
152.723,0,0,0,729,71
152.767,0,0,0,728,72
152.81,0,0,0,727,73
152.815,0,0,0,728,72
153.109,0,0,0,729,71
153.139,0,0,0,730,70
153.541,0,0,0,731,69
153.593,0,0,0,730,70
153.623,0,0,0,729,71
153.65,0,0,0,728,72
153.817,0,0,0,729,71
153.889,0,0,0,728,72
153.905,0,0,0,729,71
153.954,0,0,0,730,70
154.041,0,0,0,731,69
154.404,0,0,0,730,70
154.536,0,0,0,729,71
154.618,0,0,0,730,70
154.774,0,0,0,729,71
154.793,0,0,0,728,72
154.953,0,0,0,727,73
155.059,0,0,0,726,74
155.083,0,0,0,725,75
155.353,0,0,0,726,74
155.922,0,0,0,725,75
155.95,0,0,0,726,74
156.346,0,0,0,727,73
156.494,0,0,0,726,74
156.701,0,0,0,727,73
156.991,0,0,0,728,72
157.174,0,0,0,727,73
157.251,0,0,0,728,72
157.413,0,0,0,727,73
157.518,0,0,0,728,72
157.566,0,0,0,729,71
157.969,0,0,0,728,72
158.051,0,0,0,727,73
158.219,0,0,0,728,72
158.387,0,0,0,727,73
158.399,0,0,0,726,74
158.405,0,0,0,727,73
158.414,0,0,0,728,72
158.658,0,0,0,727,73
158.777,0,0,0,728,72
158.942,0,0,0,727,73
159.245,0,0,0,726,74
159.519,0,0,0,725,75
159.552,0,0,0,726,74
159.608,0,0,0,727,73
159.646,0,0,0,728,72
160.361,0,0,0,729,71
160.401,0,0,0,728,72
160.469,0,0,0,727,73
160.536,0,0,0,726,74
160.627,0,0,0,727,73
160.728,0,0,0,726,74
160.824,0,0,0,725,75
161.232,0,0,0,724,76
161.49,0,0,0,725,75
161.759,0,0,0,726,74
162.07,0,0,0,727,73
162.08,0,0,0,728,72
162.504,0,0,0,729,71
162.515,0,0,0,728,72
162.985,0,0,0,727,73
162.989,0,0,0,726,74
163.188,0,0,0,725,75
163.253,0,0,0,724,76
163.486,0,0,0,725,75
163.529,0,0,0,726,74
163.789,0,0,0,727,73
163.918,0,0,0,726,74
164.04,0,0,0,725,75
164.119,0,0,0,726,74
164.43,0,0,0,727,73
164.434,0,0,0,726,74
164.568,0,0,0,725,75
164.719,0,0,0,726,74
164.945,0,0,0,725,75
164.989,0,0,0,726,74
165.283,0,0,0,725,75
165.57,0,0,0,726,74
165.647,0,0,0,725,75
165.659,0,0,0,724,76
165.673,0,0,0,725,75
165.691,0,0,0,724,76
165.703,0,0,0,725,75
165.825,0,0,0,724,76
166.079,0,0,0,725,75
166.103,0,0,0,724,76
166.273,0,0,0,725,75
166.446,0,0,0,724,76
166.587,0,0,0,725,75
166.706,0,0,0,724,76
166.82,0,0,0,725,75
166.908,0,0,0,724,76
166.94,0,0,0,723,77
167.109,0,0,0,722,78
167.152,0,0,0,721,79
167.254,0,0,0,722,78
167.273,0,0,0,723,77
167.332,0,0,0,724,76
167.357,0,0,0,725,75
167.654,0,0,0,724,76
167.843,0,0,0,723,77
167.946,0,0,0,724,76
167.974,0,0,0,725,75
168.094,0,0,0,726,74
168.516,0,0,0,727,73
168.665,0,0,0,726,74
168.773,0,0,0,725,75
168.819,0,0,0,726,74
168.868,0,0,0,727,73
169.144,0,0,0,728,72
169.295,0,0,0,729,71
169.299,0,0,0,728,72
169.453,0,0,0,727,73
169.965,0,0,0,728,72
169.98,0,0,0,727,73
170.122,0,0,0,728,72
170.188,0,0,0,727,73
170.401,0,0,0,728,72
170.783,0,0,0,729,71
170.929,0,0,0,730,70
171.085,0,0,0,729,71
171.162,0,0,0,728,72
171.204,0,0,0,729,71
171.207,0,0,0,728,72
171.236,0,0,0,729,71
171.383,0,0,0,730,70
171.502,0,0,0,729,71
171.58,0,0,0,730,70
171.71,0,0,0,729,71
171.732,0,0,0,728,72
171.734,0,0,0,727,73
172.149,0,0,0,728,72
172.303,0,0,0,727,73
172.315,0,0,0,728,72
172.498,0,0,0,729,71
172.67,0,0,0,728,72
172.759,0,0,0,727,73
172.912,0,0,0,728,72
173.313,0,0,0,729,71
173.619,0,0,0,728,72
173.656,0,0,0,729,71
173.704,0,0,0,730,70
173.814,0,0,0,731,69
173.95,0,0,0,732,68
173.957,0,0,0,733,67
173.957,0,0,0,732,68
174.062,0,0,0,733,67
174.309,0,0,0,734,66
174.429,0,0,0,735,65
174.436,0,0,0,736,64
174.443,0,0,0,735,65
174.519,0,0,0,734,66
174.686,0,0,0,735,65
174.933,0,0,0,736,64
174.947,0,0,0,735,65
174.998,0,0,0,736,64
174.999,0,0,0,735,65
175,0,0,0,736,64
175.237,0,0,0,737,63
175.476,0,0,0,736,64
175.581,0,0,0,737,63
176.333,0,0,0,738,62
176.383,0,0,0,737,63
176.617,0,0,0,736,64
176.706,0,0,0,735,65
176.759,0,0,0,736,64
177.171,0,0,0,737,63
177.31,0,0,0,738,62
177.319,0,0,0,737,63
177.383,0,0,0,736,64
177.592,0,0,0,737,63
177.712,0,0,0,738,62
177.904,0,0,0,739,61
177.963,0,0,0,740,60
177.974,0,0,0,739,61
177.995,0,0,0,740,60
178.141,0,0,0,739,61
178.572,0,0,0,740,60
178.667,0,0,0,739,61
179.19,0,0,0,740,60
179.303,0,0,0,741,59
179.376,0,0,0,742,58
180.659,0,0,0,743,57
180.83,0,0,0,744,56
181.312,0,0,0,745,55
181.332,0,0,0,746,54
181.468,0,0,0,747,53
181.561,0,0,0,748,52
182.715,0,0,0,749,51
182.863,0,0,0,750,50
182.964,0,0,0,751,49
183.151,0,0,0,752,48
183.443,0,0,0,753,47
183.754,0,0,0,754,46
183.758,0,0,0,755,45
184.833,0,0,0,756,44
184.879,0,0,0,757,43
185.625,0,0,0,758,42
185.791,0,0,0,759,41
186.005,0,0,0,760,40
186.056,0,0,0,761,39
186.404,0,0,0,762,38
187.171,0,0,0,763,37
187.177,0,0,0,764,36
187.18,0,0,0,765,35
188.289,0,0,0,766,34
188.406,0,0,0,767,33
188.495,0,0,0,768,32
188.526,0,0,0,769,31
189.245,0,0,0,770,30
189.561,0,0,0,771,29
190.285,0,0,0,772,28
191.356,0,0,0,773,27
191.392,0,0,0,774,26
191.578,0,0,0,775,25
191.645,0,0,0,776,24
191.808,0,0,0,777,23
192.404,0,0,0,778,22
193.168,0,0,0,779,21
193.331,0,0,0,780,20
193.573,0,0,0,781,19
193.616,0,0,0,782,18
193.692,0,0,0,783,17
194.099,0,0,0,784,16
194.347,0,0,0,785,15
194.466,0,0,0,786,14
194.575,0,0,0,787,13
195.171,0,0,0,788,12
195.577,0,0,0,789,11
196.679,0,0,0,790,10
197.002,0,0,0,791,9
197.152,0,0,0,792,8
197.502,0,0,0,793,7
198.032,0,0,0,794,6
199.428,0,0,0,795,5
200.717,0,0,0,796,4
202.416,0,0,0,797,3
203.751,0,0,0,798,2
204.85,0,0,0,799,1
205.166,0,0,0,800,0
