job_id,workload_name,profile,submission_time,requested_number_of_resources,requested_time,success,final_state,starting_time,execution_time,finish_time,waiting_time,turnaround_time,stretch,allocated_resources,consumed_energy,metadata
w000001__freemium,w0,p_w000001,0.849197,1,71.645600,1,COMPLETED_SUCCESSFULLY,0.849197,11.645600,12.494797,0.000000,11.645600,1.000000,100,-1.000000,""
w000007__premium,w0,p_w000007,2.073763,1,72.666686,1,COMPLETED_SUCCESSFULLY,2.073763,12.666686,14.740449,0.000000,12.666686,1.000000,700,-1.000000,""
w000018__freemium,w0,p_w000018,5.639513,1,70.462507,1,COMPLETED_SUCCESSFULLY,5.639513,10.462507,16.102020,0.000000,10.462507,1.000000,202,-1.000000,""
w000004__enterprise,w0,p_w000004,1.358111,1,75.499301,1,COMPLETED_SUCCESSFULLY,1.358111,15.499301,16.857412,0.000000,15.499301,1.000000,400,-1.000000,""
w000022__enterprise,w0,p_w000022,6.524914,1,71.810879,1,COMPLETED_SUCCESSFULLY,6.524914,11.810879,18.335793,0.000000,11.810879,1.000000,602,-1.000000,""
w000026__freemium,w0,p_w000026,7.234204,1,71.148257,1,COMPLETED_SUCCESSFULLY,7.234204,11.148257,18.382461,0.000000,11.148257,1.000000,203,-1.000000,""
w000000__freemium,w0,p_w000000,0.642215,1,78.355988,1,COMPLETED_SUCCESSFULLY,0.642215,18.355988,18.998203,0.000000,18.355988,1.000000,0,-1.000000,""
w000006__freemium,w0,p_w000006,1.681853,1,78.387342,1,COMPLETED_SUCCESSFULLY,1.681853,18.387342,20.069195,0.000000,18.387342,1.000000,600,-1.000000,""
w000008__premium,w0,p_w000008,2.704478,1,77.479651,1,COMPLETED_SUCCESSFULLY,2.704478,17.479651,20.184129,0.000000,17.479651,1.000000,1,-1.000000,""
w000015__enterprise,w0,p_w000015,5.065847,1,75.131915,1,COMPLETED_SUCCESSFULLY,5.065847,15.131915,20.197762,0.000000,15.131915,1.000000,701,-1.000000,""
w000016__premium,w0,p_w000016,5.340604,1,75.428376,1,COMPLETED_SUCCESSFULLY,5.340604,15.428376,20.768980,0.000000,15.428376,1.000000,2,-1.000000,""
w000012__enterprise,w0,p_w000012,3.676297,1,77.137906,1,COMPLETED_SUCCESSFULLY,3.676297,17.137906,20.814203,0.000000,17.137906,1.000000,401,-1.000000,""
w000030__freemium,w0,p_w000030,8.587141,1,72.358659,1,COMPLETED_SUCCESSFULLY,8.587141,12.358659,20.945800,0.000000,12.358659,1.000000,603,-1.000000,""
w000010__freemium,w0,p_w000010,3.581972,1,78.182008,1,COMPLETED_SUCCESSFULLY,3.581972,18.182008,21.763980,0.000000,18.182008,1.000000,201,-1.000000,""
w000043__freemium,w0,p_w000043,11.006205,1,71.711329,1,COMPLETED_SUCCESSFULLY,11.006205,11.711329,22.717534,0.000000,11.711329,1.000000,305,-1.000000,""
w000041__enterprise,w0,p_w000041,10.621592,1,72.263109,1,COMPLETED_SUCCESSFULLY,10.621592,12.263109,22.884701,0.000000,12.263109,1.000000,105,-1.000000,""
w000003__enterprise,w0,p_w000003,1.264784,1,82.022508,1,COMPLETED_SUCCESSFULLY,1.264784,22.022508,23.287292,0.000000,22.022508,1.000000,300,-1.000000,""
w000031__enterprise,w0,p_w000031,8.619193,1,74.985619,1,COMPLETED_SUCCESSFULLY,8.619193,14.985619,23.604812,0.000000,14.985619,1.000000,703,-1.000000,""
w000021__premium,w0,p_w000021,6.479548,1,77.232922,1,COMPLETED_SUCCESSFULLY,6.479548,17.232922,23.712470,0.000000,17.232922,1.000000,502,-1.000000,""
w000027__enterprise,w0,p_w000027,7.303093,1,77.257908,1,COMPLETED_SUCCESSFULLY,7.303093,17.257908,24.561001,0.000000,17.257908,1.000000,303,-1.000000,""
w000052__premium,w0,p_w000052,13.263091,1,72.035165,1,COMPLETED_SUCCESSFULLY,13.263091,12.035165,25.298256,0.000000,12.035165,1.000000,306,-1.000000,""
w000013__premium,w0,p_w000013,4.374377,1,81.248815,1,COMPLETED_SUCCESSFULLY,4.374377,21.248815,25.623192,0.000000,21.248815,1.000000,501,-1.000000,""
w000037__premium,w0,p_w000037,9.693539,1,75.944990,1,COMPLETED_SUCCESSFULLY,9.693539,15.944990,25.638529,0.000000,15.944990,1.000000,504,-1.000000,""
w000049__freemium,w0,p_w000049,13.123138,1,72.602048,1,COMPLETED_SUCCESSFULLY,13.123138,12.602048,25.725186,0.000000,12.602048,1.000000,6,-1.000000,""
w000017__premium,w0,p_w000017,5.449162,1,80.679403,1,COMPLETED_SUCCESSFULLY,5.449162,20.679403,26.128565,0.000000,20.679403,1.000000,102,-1.000000,""
w000019__freemium,w0,p_w000019,5.754497,1,80.967563,1,COMPLETED_SUCCESSFULLY,5.754497,20.967563,26.722060,0.000000,20.967563,1.000000,302,-1.000000,""
w000005__freemium,w0,p_w000005,1.478232,1,85.449925,1,COMPLETED_SUCCESSFULLY,1.478232,25.449925,26.928157,0.000000,25.449925,1.000000,500,-1.000000,""
w000028__enterprise,w0,p_w000028,8.132033,1,79.105129,1,COMPLETED_SUCCESSFULLY,8.132033,19.105129,27.237162,0.000000,19.105129,1.000000,403,-1.000000,""
w000042__premium,w0,p_w000042,10.760736,1,76.805143,1,COMPLETED_SUCCESSFULLY,10.760736,16.805143,27.565879,0.000000,16.805143,1.000000,205,-1.000000,""
w000033__freemium,w0,p_w000033,8.835645,1,79.346857,1,COMPLETED_SUCCESSFULLY,8.835645,19.346857,28.182502,0.000000,19.346857,1.000000,104,-1.000000,""
w000002__freemium,w0,p_w000002,1.127565,1,87.068898,1,COMPLETED_SUCCESSFULLY,1.127565,27.068898,28.196463,0.000000,27.068898,1.000000,200,-1.000000,""
w000060__freemium,w0,p_w000060,15.871388,1,72.498839,1,COMPLETED_SUCCESSFULLY,15.871388,12.498839,28.370227,0.000000,12.498839,1.000000,207,-1.000000,""
w000023__enterprise,w0,p_w000023,6.685602,1,81.710056,1,COMPLETED_SUCCESSFULLY,6.685602,21.710056,28.395658,0.000000,21.710056,1.000000,702,-1.000000,""
w000067__premium,w0,p_w000067,17.305591,1,71.168277,1,COMPLETED_SUCCESSFULLY,17.305591,11.168277,28.473868,0.000000,11.168277,1.000000,708,-1.000000,""
w000014__premium,w0,p_w000014,4.657087,1,83.952013,1,COMPLETED_SUCCESSFULLY,4.657087,23.952013,28.609100,0.000000,23.952013,1.000000,601,-1.000000,""
w000011__enterprise,w0,p_w000011,3.586398,1,85.270743,1,COMPLETED_SUCCESSFULLY,3.586398,25.270743,28.857141,0.000000,25.270743,1.000000,301,-1.000000,""
w000009__premium,w0,p_w000009,3.276327,1,85.875555,1,COMPLETED_SUCCESSFULLY,3.276327,25.875555,29.151882,0.000000,25.875555,1.000000,101,-1.000000,""
w000025__premium,w0,p_w000025,6.757340,1,82.649818,1,COMPLETED_SUCCESSFULLY,6.757340,22.649818,29.407158,0.000000,22.649818,1.000000,103,-1.000000,""
w000024__enterprise,w0,p_w000024,6.735907,1,82.786418,1,COMPLETED_SUCCESSFULLY,6.735907,22.786418,29.522325,0.000000,22.786418,1.000000,3,-1.000000,""
w000032__premium,w0,p_w000032,8.694156,1,81.132761,1,COMPLETED_SUCCESSFULLY,8.694156,21.132761,29.826917,0.000000,21.132761,1.000000,4,-1.000000,""
w000035__premium,w0,p_w000035,9.135429,1,80.762554,1,COMPLETED_SUCCESSFULLY,9.135429,20.762554,29.897983,0.000000,20.762554,1.000000,304,-1.000000,""
w000020__premium,w0,p_w000020,6.177081,1,84.000963,1,COMPLETED_SUCCESSFULLY,6.177081,24.000963,30.178044,0.000000,24.000963,1.000000,402,-1.000000,""
w000076__premium,w0,p_w000076,20.439259,1,70.774973,1,COMPLETED_SUCCESSFULLY,20.439259,10.774973,31.214232,0.000000,10.774973,1.000000,709,-1.000000,""
w000044__premium,w0,p_w000044,11.314240,1,79.917519,1,COMPLETED_SUCCESSFULLY,11.314240,19.917519,31.231759,0.000000,19.917519,1.000000,405,-1.000000,""
w000070__enterprise,w0,p_w000070,18.398089,1,74.071176,1,COMPLETED_SUCCESSFULLY,18.398089,14.071176,32.469265,0.000000,14.071176,1.000000,209,-1.000000,""
w000048__enterprise,w0,p_w000048,13.098570,1,79.761006,1,COMPLETED_SUCCESSFULLY,13.098570,19.761006,32.859576,0.000000,19.761006,1.000000,705,-1.000000,""
w000059__freemium,w0,p_w000059,15.855593,1,77.333085,1,COMPLETED_SUCCESSFULLY,15.855593,17.333085,33.188678,0.000000,17.333085,1.000000,108,-1.000000,""
w000051__enterprise,w0,p_w000051,13.258368,1,79.953385,1,COMPLETED_SUCCESSFULLY,13.258368,19.953385,33.211753,0.000000,19.953385,1.000000,206,-1.000000,""
w000074__enterprise,w0,p_w000074,19.367670,1,73.954910,1,COMPLETED_SUCCESSFULLY,19.367670,13.954910,33.322580,0.000000,13.954910,1.000000,308,-1.000000,""
w000054__enterprise,w0,p_w000054,13.999537,1,79.442756,1,COMPLETED_SUCCESSFULLY,13.999537,19.442756,33.442293,0.000000,19.442756,1.000000,506,-1.000000,""
w000083__enterprise,w0,p_w000083,22.875762,1,70.958147,1,COMPLETED_SUCCESSFULLY,22.875762,10.958147,33.833909,0.000000,10.958147,1.000000,309,-1.000000,""
w000039__premium,w0,p_w000039,10.049861,1,84.410776,1,COMPLETED_SUCCESSFULLY,10.049861,24.410776,34.460637,0.000000,24.410776,1.000000,704,-1.000000,""
w000063__freemium,w0,p_w000063,16.188526,1,78.850744,1,COMPLETED_SUCCESSFULLY,16.188526,18.850744,35.039270,0.000000,18.850744,1.000000,407,-1.000000,""
w000029__freemium,w0,p_w000029,8.212320,1,86.833590,1,COMPLETED_SUCCESSFULLY,8.212320,26.833590,35.045910,0.000000,26.833590,1.000000,503,-1.000000,""
w000050__freemium,w0,p_w000050,13.196528,1,82.430708,1,COMPLETED_SUCCESSFULLY,13.196528,22.430708,35.627236,0.000000,22.430708,1.000000,107,-1.000000,""
w000061__premium,w0,p_w000061,15.916857,1,80.101907,1,COMPLETED_SUCCESSFULLY,15.916857,20.101907,36.018764,0.000000,20.101907,1.000000,307,-1.000000,""
w000036__premium,w0,p_w000036,9.284640,1,86.739290,1,COMPLETED_SUCCESSFULLY,9.284640,26.739290,36.023930,0.000000,26.739290,1.000000,404,-1.000000,""
w000038__freemium,w0,p_w000038,9.766178,1,87.666365,1,COMPLETED_SUCCESSFULLY,9.766178,27.666365,37.432543,0.000000,27.666365,1.000000,604,-1.000000,""
w000056__premium,w0,p_w000056,14.803766,1,82.640423,1,COMPLETED_SUCCESSFULLY,14.803766,22.640423,37.444189,0.000000,22.640423,1.000000,706,-1.000000,""
w000072__premium,w0,p_w000072,19.107966,1,78.557343,1,COMPLETED_SUCCESSFULLY,19.107966,18.557343,37.665309,0.000000,18.557343,1.000000,9,-1.000000,""
w000075__premium,w0,p_w000075,20.315991,1,77.802121,1,COMPLETED_SUCCESSFULLY,20.315991,17.802121,38.118112,0.000000,17.802121,1.000000,609,-1.000000,""
w000045__enterprise,w0,p_w000045,12.056107,1,86.088130,1,COMPLETED_SUCCESSFULLY,12.056107,26.088130,38.144237,0.000000,26.088130,1.000000,505,-1.000000,""
w000034__premium,w0,p_w000034,9.069285,1,89.263982,1,COMPLETED_SUCCESSFULLY,9.069285,29.263982,38.333267,0.000000,29.263982,1.000000,204,-1.000000,""
w000040__enterprise,w0,p_w000040,10.305361,1,88.097521,1,COMPLETED_SUCCESSFULLY,10.305361,28.097521,38.402882,0.000000,28.097521,1.000000,5,-1.000000,""
w000062__enterprise,w0,p_w000062,16.145568,1,83.229791,1,COMPLETED_SUCCESSFULLY,16.145568,23.229791,39.375359,0.000000,23.229791,1.000000,208,-1.000000,""
w000093__freemium,w0,p_w000093,27.142225,1,72.317584,1,COMPLETED_SUCCESSFULLY,27.142225,12.317584,39.459809,0.000000,12.317584,1.000000,511,-1.000000,""
w000047__enterprise,w0,p_w000047,13.057441,1,86.497672,1,COMPLETED_SUCCESSFULLY,13.057441,26.497672,39.555113,0.000000,26.497672,1.000000,605,-1.000000,""
w000090__premium,w0,p_w000090,26.350642,1,73.633916,1,COMPLETED_SUCCESSFULLY,26.350642,13.633916,39.984558,0.000000,13.633916,1.000000,510,-1.000000,""
w000080__premium,w0,p_w000080,21.981698,1,78.064824,1,COMPLETED_SUCCESSFULLY,21.981698,18.064824,40.046522,0.000000,18.064824,1.000000,11,-1.000000,""
w000088__freemium,w0,p_w000088,25.024491,1,75.047246,1,COMPLETED_SUCCESSFULLY,25.024491,15.047246,40.071737,0.000000,15.047246,1.000000,311,-1.000000,""
w000089__enterprise,w0,p_w000089,25.732581,1,74.394794,1,COMPLETED_SUCCESSFULLY,25.732581,14.394794,40.127375,0.000000,14.394794,1.000000,509,-1.000000,""
w000068__freemium,w0,p_w000068,17.311513,1,83.469794,1,COMPLETED_SUCCESSFULLY,17.311513,23.469794,40.781307,0.000000,23.469794,1.000000,8,-1.000000,""
w000058__enterprise,w0,p_w000058,15.661757,1,85.180522,1,COMPLETED_SUCCESSFULLY,15.661757,25.180522,40.842279,0.000000,25.180522,1.000000,7,-1.000000,""
w000055__freemium,w0,p_w000055,14.085940,1,86.996806,1,COMPLETED_SUCCESSFULLY,14.085940,26.996806,41.082746,0.000000,26.996806,1.000000,606,-1.000000,""
w000046__enterprise,w0,p_w000046,13.030056,1,88.448486,1,COMPLETED_SUCCESSFULLY,13.030056,28.448486,41.478542,0.000000,28.448486,1.000000,106,-1.000000,""
w000092__enterprise,w0,p_w000092,26.884677,1,74.621315,1,COMPLETED_SUCCESSFULLY,26.884677,14.621315,41.505992,0.000000,14.621315,1.000000,312,-1.000000,""
w000053__premium,w0,p_w000053,13.326856,1,88.314337,1,COMPLETED_SUCCESSFULLY,13.326856,28.314337,41.641193,0.000000,28.314337,1.000000,406,-1.000000,""
w000100__premium,w0,p_w000100,29.532417,1,72.944348,1,COMPLETED_SUCCESSFULLY,29.532417,12.944348,42.476765,0.000000,12.944348,1.000000,313,-1.000000,""
w000066__premium,w0,p_w000066,17.267031,1,85.443961,1,COMPLETED_SUCCESSFULLY,17.267031,25.443961,42.710992,0.000000,25.443961,1.000000,408,-1.000000,""
w000064__enterprise,w0,p_w000064,16.240308,1,86.569840,1,COMPLETED_SUCCESSFULLY,16.240308,26.569840,42.810148,0.000000,26.569840,1.000000,507,-1.000000,""
w000057__enterprise,w0,p_w000057,14.821197,1,87.992840,1,COMPLETED_SUCCESSFULLY,14.821197,27.992840,42.814037,0.000000,27.992840,1.000000,707,-1.000000,""
w000073__premium,w0,p_w000073,19.151375,1,83.899844,1,COMPLETED_SUCCESSFULLY,19.151375,23.899844,43.051219,0.000000,23.899844,1.000000,210,-1.000000,""
w000082__freemium,w0,p_w000082,22.638588,1,80.907238,1,COMPLETED_SUCCESSFULLY,22.638588,20.907238,43.545826,0.000000,20.907238,1.000000,410,-1.000000,""
w000087__freemium,w0,p_w000087,24.371459,1,79.975602,1,COMPLETED_SUCCESSFULLY,24.371459,19.975602,44.347061,0.000000,19.975602,1.000000,310,-1.000000,""
w000081__enterprise,w0,p_w000081,22.493257,1,81.915957,1,COMPLETED_SUCCESSFULLY,22.493257,21.915957,44.409214,0.000000,21.915957,1.000000,211,-1.000000,""
w000065__enterprise,w0,p_w000065,16.380478,1,88.341409,1,COMPLETED_SUCCESSFULLY,16.380478,28.341409,44.721887,0.000000,28.341409,1.000000,607,-1.000000,""
w000079__enterprise,w0,p_w000079,21.578263,1,83.175535,1,COMPLETED_SUCCESSFULLY,21.578263,23.175535,44.753798,0.000000,23.175535,1.000000,610,-1.000000,""
w000103__enterprise,w0,p_w000103,30.132058,1,74.756489,1,COMPLETED_SUCCESSFULLY,30.132058,14.756489,44.888547,0.000000,14.756489,1.000000,314,-1.000000,""
w000113__enterprise,w0,p_w000113,32.625982,1,73.005109,1,COMPLETED_SUCCESSFULLY,32.625982,13.005109,45.631091,0.000000,13.005109,1.000000,215,-1.000000,""
w000104__freemium,w0,p_w000104,30.182541,1,75.731515,1,COMPLETED_SUCCESSFULLY,30.182541,15.731515,45.914056,0.000000,15.731515,1.000000,411,-1.000000,""
w000069__enterprise,w0,p_w000069,17.793852,1,88.986382,1,COMPLETED_SUCCESSFULLY,17.793852,28.986382,46.780234,0.000000,28.986382,1.000000,109,-1.000000,""
w000071__enterprise,w0,p_w000071,19.031597,1,88.179549,1,COMPLETED_SUCCESSFULLY,19.031597,28.179549,47.211146,0.000000,28.179549,1.000000,608,-1.000000,""
w000077__premium,w0,p_w000077,21.098316,1,86.918453,1,COMPLETED_SUCCESSFULLY,21.098316,26.918453,48.016769,0.000000,26.918453,1.000000,10,-1.000000,""
w000119__enterprise,w0,p_w000119,34.247168,1,74.054861,1,COMPLETED_SUCCESSFULLY,34.247168,14.054861,48.302029,0.000000,14.054861,1.000000,317,-1.000000,""
w000101__enterprise,w0,p_w000101,29.741039,1,78.622925,1,COMPLETED_SUCCESSFULLY,29.741039,18.622925,48.363964,0.000000,18.622925,1.000000,611,-1.000000,""
w000097__enterprise,w0,p_w000097,28.972504,1,79.435884,1,COMPLETED_SUCCESSFULLY,28.972504,19.435884,48.408388,0.000000,19.435884,1.000000,213,-1.000000,""
w000115__enterprise,w0,p_w000115,33.061145,1,75.541687,1,COMPLETED_SUCCESSFULLY,33.061145,15.541687,48.602832,0.000000,15.541687,1.000000,714,-1.000000,""
w000078__enterprise,w0,p_w000078,21.334981,1,87.347797,1,COMPLETED_SUCCESSFULLY,21.334981,27.347797,48.682778,0.000000,27.347797,1.000000,409,-1.000000,""
w000130__freemium,w0,p_w000130,37.985735,1,71.310172,1,COMPLETED_SUCCESSFULLY,37.985735,11.310172,49.295907,0.000000,11.310172,1.000000,15,-1.000000,""
w000085__premium,w0,p_w000085,23.957916,1,85.633875,1,COMPLETED_SUCCESSFULLY,23.957916,25.633875,49.591791,0.000000,25.633875,1.000000,508,-1.000000,""
w000099__freemium,w0,p_w000099,29.423755,1,80.263785,1,COMPLETED_SUCCESSFULLY,29.423755,20.263785,49.687540,0.000000,20.263785,1.000000,113,-1.000000,""
w000126__freemium,w0,p_w000126,36.655597,1,73.265993,1,COMPLETED_SUCCESSFULLY,36.655597,13.265993,49.921590,0.000000,13.265993,1.000000,415,-1.000000,""
w000118__freemium,w0,p_w000118,34.243803,1,76.688868,1,COMPLETED_SUCCESSFULLY,34.243803,16.688868,50.932671,0.000000,16.688868,1.000000,316,-1.000000,""
w000137__freemium,w0,p_w000137,40.641885,1,70.500024,1,COMPLETED_SUCCESSFULLY,40.641885,10.500024,51.141909,0.000000,10.500024,1.000000,517,-1.000000,""
w000084__enterprise,w0,p_w000084,23.357371,1,87.827956,1,COMPLETED_SUCCESSFULLY,23.357371,27.827956,51.185327,0.000000,27.827956,1.000000,110,-1.000000,""
w000139__freemium,w0,p_w000139,40.795682,1,70.822724,1,COMPLETED_SUCCESSFULLY,40.795682,10.822724,51.618406,0.000000,10.822724,1.000000,18,-1.000000,""
w000124__freemium,w0,p_w000124,35.966664,1,76.100901,1,COMPLETED_SUCCESSFULLY,35.966664,16.100901,52.067565,0.000000,16.100901,1.000000,414,-1.000000,""
w000109__premium,w0,p_w000109,31.801757,1,80.294078,1,COMPLETED_SUCCESSFULLY,31.801757,20.294078,52.095835,0.000000,20.294078,1.000000,114,-1.000000,""
w000132__freemium,w0,p_w000132,38.832416,1,73.949907,1,COMPLETED_SUCCESSFULLY,38.832416,13.949907,52.782323,0.000000,13.949907,1.000000,16,-1.000000,""
w000094__freemium,w0,p_w000094,27.404448,1,85.873896,1,COMPLETED_SUCCESSFULLY,27.404448,25.873896,53.278344,0.000000,25.873896,1.000000,111,-1.000000,""
w000095__freemium,w0,p_w000095,28.360688,1,84.958422,1,COMPLETED_SUCCESSFULLY,28.360688,24.958422,53.319110,0.000000,24.958422,1.000000,212,-1.000000,""
w000136__premium,w0,p_w000136,40.197426,1,73.145566,1,COMPLETED_SUCCESSFULLY,40.197426,13.145566,53.342992,0.000000,13.145566,1.000000,516,-1.000000,""
w000086__freemium,w0,p_w000086,24.222755,1,89.474459,1,COMPLETED_SUCCESSFULLY,24.222755,29.474459,53.697214,0.000000,29.474459,1.000000,710,-1.000000,""
w000140__premium,w0,p_w000140,41.672016,1,72.264737,1,COMPLETED_SUCCESSFULLY,41.672016,12.264737,53.936753,0.000000,12.264737,1.000000,319,-1.000000,""
w000144__freemium,w0,p_w000144,42.735598,1,71.433954,1,COMPLETED_SUCCESSFULLY,42.735598,11.433954,54.169552,0.000000,11.433954,1.000000,320,-1.000000,""
w000111__enterprise,w0,p_w000111,32.276945,1,82.541812,1,COMPLETED_SUCCESSFULLY,32.276945,22.541812,54.818757,0.000000,22.541812,1.000000,315,-1.000000,""
w000128__freemium,w0,p_w000128,37.218978,1,77.620093,1,COMPLETED_SUCCESSFULLY,37.218978,17.620093,54.839071,0.000000,17.620093,1.000000,716,-1.000000,""
w000091__freemium,w0,p_w000091,26.446960,1,88.827028,1,COMPLETED_SUCCESSFULLY,26.446960,28.827028,55.273988,0.000000,28.827028,1.000000,12,-1.000000,""
w000106__enterprise,w0,p_w000106,31.000092,1,84.435089,1,COMPLETED_SUCCESSFULLY,31.000092,24.435089,55.435181,0.000000,24.435089,1.000000,14,-1.000000,""
w000122__enterprise,w0,p_w000122,34.851933,1,81.040064,1,COMPLETED_SUCCESSFULLY,34.851933,21.040064,55.891997,0.000000,21.040064,1.000000,612,-1.000000,""
w000133__enterprise,w0,p_w000133,38.965630,1,77.045455,1,COMPLETED_SUCCESSFULLY,38.965630,17.045455,56.011085,0.000000,17.045455,1.000000,217,-1.000000,""
w000148__premium,w0,p_w000148,45.854990,1,71.094883,1,COMPLETED_SUCCESSFULLY,45.854990,11.094883,56.949873,0.000000,11.094883,1.000000,616,-1.000000,""
w000105__freemium,w0,p_w000105,30.957888,1,86.349557,1,COMPLETED_SUCCESSFULLY,30.957888,26.349557,57.307445,0.000000,26.349557,1.000000,712,-1.000000,""
w000098__premium,w0,p_w000098,29.167115,1,88.329014,1,COMPLETED_SUCCESSFULLY,29.167115,28.329014,57.496129,0.000000,28.329014,1.000000,112,-1.000000,""
w000117__premium,w0,p_w000117,33.355532,1,84.236136,1,COMPLETED_SUCCESSFULLY,33.355532,24.236136,57.591668,0.000000,24.236136,1.000000,216,-1.000000,""
w000141__premium,w0,p_w000141,41.719518,1,77.005039,1,COMPLETED_SUCCESSFULLY,41.719518,17.005039,58.724557,0.000000,17.005039,1.000000,615,-1.000000,""
w000096__freemium,w0,p_w000096,28.856643,1,89.973422,1,COMPLETED_SUCCESSFULLY,28.856643,29.973422,58.830065,0.000000,29.973422,1.000000,711,-1.000000,""
w000107__enterprise,w0,p_w000107,31.319613,1,87.535617,1,COMPLETED_SUCCESSFULLY,31.319613,27.535617,58.855230,0.000000,27.535617,1.000000,412,-1.000000,""
w000116__freemium,w0,p_w000116,33.310915,1,85.563533,1,COMPLETED_SUCCESSFULLY,33.310915,25.563533,58.874448,0.000000,25.563533,1.000000,115,-1.000000,""
w000102__freemium,w0,p_w000102,30.108499,1,89.403247,1,COMPLETED_SUCCESSFULLY,30.108499,29.403247,59.511746,0.000000,29.403247,1.000000,13,-1.000000,""
w000127__freemium,w0,p_w000127,37.019768,1,82.865398,1,COMPLETED_SUCCESSFULLY,37.019768,22.865398,59.885166,0.000000,22.865398,1.000000,514,-1.000000,""
w000131__enterprise,w0,p_w000131,38.271881,1,81.809406,1,COMPLETED_SUCCESSFULLY,38.271881,21.809406,60.081287,0.000000,21.809406,1.000000,515,-1.000000,""
w000168__freemium,w0,p_w000168,49.426746,1,70.932251,1,COMPLETED_SUCCESSFULLY,49.426746,10.932251,60.358997,0.000000,10.932251,1.000000,21,-1.000000,""
w000114__enterprise,w0,p_w000114,32.706531,1,87.757699,1,COMPLETED_SUCCESSFULLY,32.706531,27.757699,60.464230,0.000000,27.757699,1.000000,512,-1.000000,""
w000112__enterprise,w0,p_w000112,32.322128,1,88.151059,1,COMPLETED_SUCCESSFULLY,32.322128,28.151059,60.473187,0.000000,28.151059,1.000000,413,-1.000000,""
w000121__freemium,w0,p_w000121,34.822208,1,85.900081,1,COMPLETED_SUCCESSFULLY,34.822208,25.900081,60.722289,0.000000,25.900081,1.000000,715,-1.000000,""
w000166__premium,w0,p_w000166,48.999130,1,71.783345,1,COMPLETED_SUCCESSFULLY,48.999130,11.783345,60.782475,0.000000,11.783345,1.000000,420,-1.000000,""
w000108__premium,w0,p_w000108,31.699528,1,89.325900,1,COMPLETED_SUCCESSFULLY,31.699528,29.325900,61.025428,0.000000,29.325900,1.000000,713,-1.000000,""
w000154__enterprise,w0,p_w000154,46.508754,1,74.625779,1,COMPLETED_SUCCESSFULLY,46.508754,14.625779,61.134533,0.000000,14.625779,1.000000,617,-1.000000,""
w000156__freemium,w0,p_w000156,46.722594,1,74.548175,1,COMPLETED_SUCCESSFULLY,46.722594,14.548175,61.270769,0.000000,14.548175,1.000000,221,-1.000000,""
w000110__premium,w0,p_w000110,32.126299,1,89.283718,1,COMPLETED_SUCCESSFULLY,32.126299,29.283718,61.410017,0.000000,29.283718,1.000000,214,-1.000000,""
w000120__premium,w0,p_w000120,34.427820,1,87.190505,1,COMPLETED_SUCCESSFULLY,34.427820,27.190505,61.618325,0.000000,27.190505,1.000000,513,-1.000000,""
w000123__premium,w0,p_w000123,35.962144,1,86.685120,1,COMPLETED_SUCCESSFULLY,35.962144,26.685120,62.647264,0.000000,26.685120,1.000000,116,-1.000000,""
w000125__enterprise,w0,p_w000125,36.589509,1,86.235300,1,COMPLETED_SUCCESSFULLY,36.589509,26.235300,62.824809,0.000000,26.235300,1.000000,318,-1.000000,""
w000146__enterprise,w0,p_w000146,44.596288,1,78.365057,1,COMPLETED_SUCCESSFULLY,44.596288,18.365057,62.961345,0.000000,18.365057,1.000000,219,-1.000000,""
w000162__premium,w0,p_w000162,48.605634,1,74.694109,1,COMPLETED_SUCCESSFULLY,48.605634,14.694109,63.299743,0.000000,14.694109,1.000000,718,-1.000000,""
w000134__freemium,w0,p_w000134,39.296736,1,84.340522,1,COMPLETED_SUCCESSFULLY,39.296736,24.340522,63.637258,0.000000,24.340522,1.000000,614,-1.000000,""
w000163__premium,w0,p_w000163,48.702486,1,75.019051,1,COMPLETED_SUCCESSFULLY,48.702486,15.019051,63.721537,0.000000,15.019051,1.000000,419,-1.000000,""
w000151__premium,w0,p_w000151,46.083564,1,78.177962,1,COMPLETED_SUCCESSFULLY,46.083564,18.177962,64.261526,0.000000,18.177962,1.000000,322,-1.000000,""
w000176__premium,w0,p_w000176,53.613066,1,70.710645,1,COMPLETED_SUCCESSFULLY,53.613066,10.710645,64.323711,0.000000,10.710645,1.000000,121,-1.000000,""
w000175__premium,w0,p_w000175,53.573188,1,71.392542,1,COMPLETED_SUCCESSFULLY,53.573188,11.392542,64.965730,0.000000,11.392542,1.000000,120,-1.000000,""
w000149__freemium,w0,p_w000149,45.860139,1,79.111221,1,COMPLETED_SUCCESSFULLY,45.860139,19.111221,64.971360,0.000000,19.111221,1.000000,220,-1.000000,""
w000129__enterprise,w0,p_w000129,37.443520,1,87.930345,1,COMPLETED_SUCCESSFULLY,37.443520,27.930345,65.373865,0.000000,27.930345,1.000000,613,-1.000000,""
w000145__premium,w0,p_w000145,42.799765,1,83.049882,1,COMPLETED_SUCCESSFULLY,42.799765,23.049882,65.849647,0.000000,23.049882,1.000000,416,-1.000000,""
w000164__freemium,w0,p_w000164,48.806913,1,77.106011,1,COMPLETED_SUCCESSFULLY,48.806913,17.106011,65.912924,0.000000,17.106011,1.000000,222,-1.000000,""
w000138__enterprise,w0,p_w000138,40.690815,1,85.383993,1,COMPLETED_SUCCESSFULLY,40.690815,25.383993,66.074808,0.000000,25.383993,1.000000,17,-1.000000,""
w000153__premium,w0,p_w000153,46.396857,1,79.999822,1,COMPLETED_SUCCESSFULLY,46.396857,19.999822,66.396679,0.000000,19.999822,1.000000,518,-1.000000,""
w000179__premium,w0,p_w000179,55.242885,1,71.156443,1,COMPLETED_SUCCESSFULLY,55.242885,11.156443,66.399328,0.000000,11.156443,1.000000,327,-1.000000,""
w000152__enterprise,w0,p_w000152,46.129391,1,81.316208,1,COMPLETED_SUCCESSFULLY,46.129391,21.316208,67.445599,0.000000,21.316208,1.000000,418,-1.000000,""
w000142__premium,w0,p_w000142,41.872349,1,85.687795,1,COMPLETED_SUCCESSFULLY,41.872349,25.687795,67.560144,0.000000,25.687795,1.000000,19,-1.000000,""
w000170__freemium,w0,p_w000170,49.703262,1,78.007492,1,COMPLETED_SUCCESSFULLY,49.703262,18.007492,67.710754,0.000000,18.007492,1.000000,119,-1.000000,""
w000159__enterprise,w0,p_w000159,47.840140,1,79.994729,1,COMPLETED_SUCCESSFULLY,47.840140,19.994729,67.834869,0.000000,19.994729,1.000000,618,-1.000000,""
w000172__premium,w0,p_w000172,50.625752,1,77.564382,1,COMPLETED_SUCCESSFULLY,50.625752,17.564382,68.190134,0.000000,17.564382,1.000000,421,-1.000000,""
w000165__premium,w0,p_w000165,48.867887,1,80.232231,1,COMPLETED_SUCCESSFULLY,48.867887,20.232231,69.100118,0.000000,20.232231,1.000000,324,-1.000000,""
w000173__freemium,w0,p_w000173,50.837980,1,78.270580,1,COMPLETED_SUCCESSFULLY,50.837980,18.270580,69.108560,0.000000,18.270580,1.000000,719,-1.000000,""
w000135__freemium,w0,p_w000135,39.639662,1,89.657586,1,COMPLETED_SUCCESSFULLY,39.639662,29.657586,69.297248,0.000000,29.657586,1.000000,218,-1.000000,""
w000143__enterprise,w0,p_w000143,42.299399,1,88.270149,1,COMPLETED_SUCCESSFULLY,42.299399,28.270149,70.569548,0.000000,28.270149,1.000000,117,-1.000000,""
w000171__premium,w0,p_w000171,49.912208,1,80.866958,1,COMPLETED_SUCCESSFULLY,49.912208,20.866958,70.779166,0.000000,20.866958,1.000000,620,-1.000000,""
w000147__enterprise,w0,p_w000147,44.969209,1,86.003571,1,COMPLETED_SUCCESSFULLY,44.969209,26.003571,70.972780,0.000000,26.003571,1.000000,321,-1.000000,""
w000184__enterprise,w0,p_w000184,56.073671,1,75.746041,1,COMPLETED_SUCCESSFULLY,56.073671,15.746041,71.819712,0.000000,15.746041,1.000000,223,-1.000000,""
w000202__premium,w0,p_w000202,61.416829,1,70.721203,1,COMPLETED_SUCCESSFULLY,61.416829,10.721203,72.138032,0.000000,10.721203,1.000000,226,-1.000000,""
w000186__premium,w0,p_w000186,56.803118,1,75.352980,1,COMPLETED_SUCCESSFULLY,56.803118,15.352980,72.156098,0.000000,15.352980,1.000000,122,-1.000000,""
w000169__freemium,w0,p_w000169,49.677400,1,82.786192,1,COMPLETED_SUCCESSFULLY,49.677400,22.786192,72.463592,0.000000,22.786192,1.000000,520,-1.000000,""
w000150__freemium,w0,p_w000150,45.945725,1,86.824921,1,COMPLETED_SUCCESSFULLY,45.945725,26.824921,72.770646,0.000000,26.824921,1.000000,417,-1.000000,""
w000200__premium,w0,p_w000200,60.296111,1,72.854262,1,COMPLETED_SUCCESSFULLY,60.296111,12.854262,73.150373,0.000000,12.854262,1.000000,423,-1.000000,""
w000195__premium,w0,p_w000195,59.033789,1,74.203340,1,COMPLETED_SUCCESSFULLY,59.033789,14.203340,73.237129,0.000000,14.203340,1.000000,722,-1.000000,""
w000210__freemium,w0,p_w000210,63.037638,1,70.407232,1,COMPLETED_SUCCESSFULLY,63.037638,10.407232,73.444870,0.000000,10.407232,1.000000,227,-1.000000,""
w000180__freemium,w0,p_w000180,55.609023,1,78.299896,1,COMPLETED_SUCCESSFULLY,55.609023,18.299896,73.908919,0.000000,18.299896,1.000000,23,-1.000000,""
w000188__enterprise,w0,p_w000188,57.121162,1,76.857660,1,COMPLETED_SUCCESSFULLY,57.121162,16.857660,73.978822,0.000000,16.857660,1.000000,224,-1.000000,""
w000158__premium,w0,p_w000158,46.946459,1,87.274881,1,COMPLETED_SUCCESSFULLY,46.946459,27.274881,74.221340,0.000000,27.274881,1.000000,323,-1.000000,""
w000190__freemium,w0,p_w000190,57.614977,1,76.799223,1,COMPLETED_SUCCESSFULLY,57.614977,16.799223,74.414200,0.000000,16.799223,1.000000,721,-1.000000,""
w000157__enterprise,w0,p_w000157,46.826648,1,87.660576,1,COMPLETED_SUCCESSFULLY,46.826648,27.660576,74.487224,0.000000,27.660576,1.000000,118,-1.000000,""
w000178__freemium,w0,p_w000178,55.184336,1,79.991052,1,COMPLETED_SUCCESSFULLY,55.184336,19.991052,75.175388,0.000000,19.991052,1.000000,326,-1.000000,""
w000167__enterprise,w0,p_w000167,49.280963,1,86.135294,1,COMPLETED_SUCCESSFULLY,49.280963,26.135294,75.416257,0.000000,26.135294,1.000000,519,-1.000000,""
w000181__enterprise,w0,p_w000181,55.718091,1,79.766999,1,COMPLETED_SUCCESSFULLY,55.718091,19.766999,75.485090,0.000000,19.766999,1.000000,24,-1.000000,""
w000187__premium,w0,p_w000187,57.018747,1,78.511630,1,COMPLETED_SUCCESSFULLY,57.018747,18.511630,75.530377,0.000000,18.511630,1.000000,621,-1.000000,""
w000161__enterprise,w0,p_w000161,48.568822,1,87.508837,1,COMPLETED_SUCCESSFULLY,48.568822,27.508837,76.077659,0.000000,27.508837,1.000000,619,-1.000000,""
w000155__enterprise,w0,p_w000155,46.578149,1,89.561861,1,COMPLETED_SUCCESSFULLY,46.578149,29.561861,76.140010,0.000000,29.561861,1.000000,717,-1.000000,""
w000194__enterprise,w0,p_w000194,58.747834,1,77.667361,1,COMPLETED_SUCCESSFULLY,58.747834,17.667361,76.415195,0.000000,17.667361,1.000000,622,-1.000000,""
w000160__freemium,w0,p_w000160,48.206663,1,88.674199,1,COMPLETED_SUCCESSFULLY,48.206663,28.674199,76.880862,0.000000,28.674199,1.000000,20,-1.000000,""
w000209__enterprise,w0,p_w000209,62.777539,1,74.264331,1,COMPLETED_SUCCESSFULLY,62.777539,14.264331,77.041870,0.000000,14.264331,1.000000,125,-1.000000,""
w000174__freemium,w0,p_w000174,51.668446,1,85.385549,1,COMPLETED_SUCCESSFULLY,51.668446,25.385549,77.053995,0.000000,25.385549,1.000000,22,-1.000000,""
w000196__enterprise,w0,p_w000196,59.796422,1,77.407226,1,COMPLETED_SUCCESSFULLY,59.796422,17.407226,77.203648,0.000000,17.407226,1.000000,26,-1.000000,""
w000223__freemium,w0,p_w000223,67.393228,1,70.772330,1,COMPLETED_SUCCESSFULLY,67.393228,10.772330,78.165558,0.000000,10.772330,1.000000,127,-1.000000,""
w000185__freemium,w0,p_w000185,56.152608,1,82.180067,1,COMPLETED_SUCCESSFULLY,56.152608,22.180067,78.332675,0.000000,22.180067,1.000000,25,-1.000000,""
w000205__enterprise,w0,p_w000205,62.106925,1,76.838294,1,COMPLETED_SUCCESSFULLY,62.106925,16.838294,78.945219,0.000000,16.838294,1.000000,525,-1.000000,""
w000206__premium,w0,p_w000206,62.179892,1,76.797572,1,COMPLETED_SUCCESSFULLY,62.179892,16.797572,78.977464,0.000000,16.797572,1.000000,623,-1.000000,""
w000213__freemium,w0,p_w000213,63.974761,1,75.440654,1,COMPLETED_SUCCESSFULLY,63.974761,15.440654,79.415415,0.000000,15.440654,1.000000,425,-1.000000,""
w000199__freemium,w0,p_w000199,60.141646,1,79.548181,1,COMPLETED_SUCCESSFULLY,60.141646,19.548181,79.689827,0.000000,19.548181,1.000000,523,-1.000000,""
w000221__premium,w0,p_w000221,66.930252,1,72.762585,1,COMPLETED_SUCCESSFULLY,66.930252,12.762585,79.692837,0.000000,12.762585,1.000000,330,-1.000000,""
w000237__enterprise,w0,p_w000237,70.166498,1,70.126231,1,COMPLETED_SUCCESSFULLY,70.166498,10.126231,80.292729,0.000000,10.126231,1.000000,727,-1.000000,""
w000212__freemium,w0,p_w000212,63.695083,1,76.625854,1,COMPLETED_SUCCESSFULLY,63.695083,16.625854,80.320937,0.000000,16.625854,1.000000,624,-1.000000,""
w000189__premium,w0,p_w000189,57.226356,1,83.104981,1,COMPLETED_SUCCESSFULLY,57.226356,23.104981,80.331337,0.000000,23.104981,1.000000,328,-1.000000,""
w000211__premium,w0,p_w000211,63.532305,1,76.951044,1,COMPLETED_SUCCESSFULLY,63.532305,16.951044,80.483349,0.000000,16.951044,1.000000,725,-1.000000,""
w000192__premium,w0,p_w000192,57.911946,1,82.797320,1,COMPLETED_SUCCESSFULLY,57.911946,22.797320,80.709266,0.000000,22.797320,1.000000,225,-1.000000,""
w000207__enterprise,w0,p_w000207,62.574574,1,78.944566,1,COMPLETED_SUCCESSFULLY,62.574574,18.944566,81.519140,0.000000,18.944566,1.000000,724,-1.000000,""
w000220__enterprise,w0,p_w000220,66.384132,1,75.727498,1,COMPLETED_SUCCESSFULLY,66.384132,15.727498,82.111630,0.000000,15.727498,1.000000,28,-1.000000,""
w000240__premium,w0,p_w000240,70.605182,1,71.601719,1,COMPLETED_SUCCESSFULLY,70.605182,11.601719,82.206901,0.000000,11.601719,1.000000,130,-1.000000,""
w000191__enterprise,w0,p_w000191,57.715935,1,84.739146,1,COMPLETED_SUCCESSFULLY,57.715935,24.739146,82.455081,0.000000,24.739146,1.000000,123,-1.000000,""
w000215__enterprise,w0,p_w000215,65.319274,1,77.526761,1,COMPLETED_SUCCESSFULLY,65.319274,17.526761,82.846035,0.000000,17.526761,1.000000,126,-1.000000,""
w000182__enterprise,w0,p_w000182,55.969303,1,87.819574,1,COMPLETED_SUCCESSFULLY,55.969303,27.819574,83.788877,0.000000,27.819574,1.000000,521,-1.000000,""
w000183__enterprise,w0,p_w000183,55.978564,1,87.951459,1,COMPLETED_SUCCESSFULLY,55.978564,27.951459,83.930023,0.000000,27.951459,1.000000,720,-1.000000,""
w000177__enterprise,w0,p_w000177,54.442826,1,89.601119,1,COMPLETED_SUCCESSFULLY,54.442826,29.601119,84.043945,0.000000,29.601119,1.000000,325,-1.000000,""
w000234__freemium,w0,p_w000234,69.809435,1,74.244088,1,COMPLETED_SUCCESSFULLY,69.809435,14.244088,84.053523,0.000000,14.244088,1.000000,429,-1.000000,""
w000225__premium,w0,p_w000225,67.946281,1,76.412940,1,COMPLETED_SUCCESSFULLY,67.946281,16.412940,84.359221,0.000000,16.412940,1.000000,626,-1.000000,""
w000218__freemium,w0,p_w000218,65.880227,1,79.265722,1,COMPLETED_SUCCESSFULLY,65.880227,19.265722,85.145949,0.000000,19.265722,1.000000,426,-1.000000,""
w000204__enterprise,w0,p_w000204,61.640801,1,83.623995,1,COMPLETED_SUCCESSFULLY,61.640801,23.623995,85.264796,0.000000,23.623995,1.000000,524,-1.000000,""
w000193__enterprise,w0,p_w000193,58.374871,1,86.937819,1,COMPLETED_SUCCESSFULLY,58.374871,26.937819,85.312690,0.000000,26.937819,1.000000,422,-1.000000,""
w000236__freemium,w0,p_w000236,70.154496,1,75.641467,1,COMPLETED_SUCCESSFULLY,70.154496,15.641467,85.795963,0.000000,15.641467,1.000000,627,-1.000000,""
w000198__freemium,w0,p_w000198,60.137241,1,85.917185,1,COMPLETED_SUCCESSFULLY,60.137241,25.917185,86.054426,0.000000,25.917185,1.000000,522,-1.000000,""
w000203__premium,w0,p_w000203,61.562946,1,84.537106,1,COMPLETED_SUCCESSFULLY,61.562946,24.537106,86.100052,0.000000,24.537106,1.000000,424,-1.000000,""
w000201__premium,w0,p_w000201,61.089797,1,85.221289,1,COMPLETED_SUCCESSFULLY,61.089797,25.221289,86.311086,0.000000,25.221289,1.000000,723,-1.000000,""
w000235__freemium,w0,p_w000235,69.858415,1,76.662035,1,COMPLETED_SUCCESSFULLY,69.858415,16.662035,86.520450,0.000000,16.662035,1.000000,527,-1.000000,""
w000228__premium,w0,p_w000228,68.347474,1,78.550187,1,COMPLETED_SUCCESSFULLY,68.347474,18.550187,86.897661,0.000000,18.550187,1.000000,428,-1.000000,""
w000222__freemium,w0,p_w000222,67.180328,1,79.827096,1,COMPLETED_SUCCESSFULLY,67.180328,19.827096,87.007424,0.000000,19.827096,1.000000,526,-1.000000,""
w000197__premium,w0,p_w000197,59.862445,1,87.164397,1,COMPLETED_SUCCESSFULLY,59.862445,27.164397,87.026842,0.000000,27.164397,1.000000,124,-1.000000,""
w000260__enterprise,w0,p_w000260,76.064158,1,71.058009,1,COMPLETED_SUCCESSFULLY,76.064158,11.058009,87.122167,0.000000,11.058009,1.000000,132,-1.000000,""
w000233__premium,w0,p_w000233,69.715241,1,77.472279,1,COMPLETED_SUCCESSFULLY,69.715241,17.472279,87.187520,0.000000,17.472279,1.000000,332,-1.000000,""
w000241__premium,w0,p_w000241,70.782445,1,76.766031,1,COMPLETED_SUCCESSFULLY,70.782445,16.766031,87.548476,0.000000,16.766031,1.000000,628,-1.000000,""
w000242__premium,w0,p_w000242,71.002240,1,76.693693,1,COMPLETED_SUCCESSFULLY,71.002240,16.693693,87.695933,0.000000,16.693693,1.000000,333,-1.000000,""
w000231__freemium,w0,p_w000231,69.520379,1,78.944146,1,COMPLETED_SUCCESSFULLY,69.520379,18.944146,88.464525,0.000000,18.944146,1.000000,726,-1.000000,""
w000214__premium,w0,p_w000214,64.880935,1,83.861662,1,COMPLETED_SUCCESSFULLY,64.880935,23.861662,88.742597,0.000000,23.861662,1.000000,329,-1.000000,""
w000219__enterprise,w0,p_w000219,66.073804,1,82.866413,1,COMPLETED_SUCCESSFULLY,66.073804,22.866413,88.940217,0.000000,22.866413,1.000000,229,-1.000000,""
w000245__freemium,w0,p_w000245,72.306634,1,76.888059,1,COMPLETED_SUCCESSFULLY,72.306634,16.888059,89.194693,0.000000,16.888059,1.000000,131,-1.000000,""
w000258__freemium,w0,p_w000258,75.626313,1,73.599807,1,COMPLETED_SUCCESSFULLY,75.626313,13.599807,89.226120,0.000000,13.599807,1.000000,629,-1.000000,""
w000232__enterprise,w0,p_w000232,69.620275,1,79.680786,1,COMPLETED_SUCCESSFULLY,69.620275,19.680786,89.301061,0.000000,19.680786,1.000000,231,-1.000000,""
w000252__enterprise,w0,p_w000252,73.689333,1,76.195039,1,COMPLETED_SUCCESSFULLY,73.689333,16.195039,89.884372,0.000000,16.195039,1.000000,235,-1.000000,""
w000230__enterprise,w0,p_w000230,69.108500,1,81.012797,1,COMPLETED_SUCCESSFULLY,69.108500,21.012797,90.121297,0.000000,21.012797,1.000000,331,-1.000000,""
w000268__premium,w0,p_w000268,79.004069,1,71.226475,1,COMPLETED_SUCCESSFULLY,79.004069,11.226475,90.230544,0.000000,11.226475,1.000000,133,-1.000000,""
w000266__enterprise,w0,p_w000266,77.200482,1,73.232146,1,COMPLETED_SUCCESSFULLY,77.200482,13.232146,90.432628,0.000000,13.232146,1.000000,34,-1.000000,""
w000226__freemium,w0,p_w000226,68.082170,1,82.713540,1,COMPLETED_SUCCESSFULLY,68.082170,22.713540,90.795710,0.000000,22.713540,1.000000,29,-1.000000,""
w000239__premium,w0,p_w000239,70.316063,1,80.821252,1,COMPLETED_SUCCESSFULLY,70.316063,20.821252,91.137315,0.000000,20.821252,1.000000,129,-1.000000,""
w000208__freemium,w0,p_w000208,62.712237,1,88.585026,1,COMPLETED_SUCCESSFULLY,62.712237,28.585026,91.297263,0.000000,28.585026,1.000000,27,-1.000000,""
w000256__premium,w0,p_w000256,75.170426,1,76.458473,1,COMPLETED_SUCCESSFULLY,75.170426,16.458473,91.628899,0.000000,16.458473,1.000000,31,-1.000000,""
w000277__premium,w0,p_w000277,80.706239,1,71.860017,1,COMPLETED_SUCCESSFULLY,80.706239,11.860017,92.566256,0.000000,11.860017,1.000000,731,-1.000000,""
w000243__freemium,w0,p_w000243,71.005342,1,81.584829,1,COMPLETED_SUCCESSFULLY,71.005342,21.584829,92.590171,0.000000,21.584829,1.000000,232,-1.000000,""
w000254__enterprise,w0,p_w000254,73.871861,1,79.618834,1,COMPLETED_SUCCESSFULLY,73.871861,19.618834,93.490695,0.000000,19.618834,1.000000,529,-1.000000,""
w000216__freemium,w0,p_w000216,65.439382,1,88.427519,1,COMPLETED_SUCCESSFULLY,65.439382,28.427519,93.866901,0.000000,28.427519,1.000000,228,-1.000000,""
w000229__enterprise,w0,p_w000229,68.667169,1,85.340743,1,COMPLETED_SUCCESSFULLY,68.667169,25.340743,94.007912,0.000000,25.340743,1.000000,230,-1.000000,""
w000227__freemium,w0,p_w000227,68.094721,1,86.217641,1,COMPLETED_SUCCESSFULLY,68.094721,26.217641,94.312362,0.000000,26.217641,1.000000,128,-1.000000,""
w000217__freemium,w0,p_w000217,65.552463,1,88.850321,1,COMPLETED_SUCCESSFULLY,65.552463,28.850321,94.402784,0.000000,28.850321,1.000000,625,-1.000000,""
w000244__premium,w0,p_w000244,71.999489,1,82.476999,1,COMPLETED_SUCCESSFULLY,71.999489,22.476999,94.476488,0.000000,22.476999,1.000000,233,-1.000000,""
w000259__enterprise,w0,p_w000259,76.000870,1,78.910016,1,COMPLETED_SUCCESSFULLY,76.000870,18.910016,94.910886,0.000000,18.910016,1.000000,32,-1.000000,""
w000253__premium,w0,p_w000253,73.863159,1,81.514663,1,COMPLETED_SUCCESSFULLY,73.863159,21.514663,95.377822,0.000000,21.514663,1.000000,432,-1.000000,""
w000274__freemium,w0,p_w000274,80.277026,1,75.156370,1,COMPLETED_SUCCESSFULLY,80.277026,15.156370,95.433396,0.000000,15.156370,1.000000,134,-1.000000,""
w000224__enterprise,w0,p_w000224,67.801884,1,88.230585,1,COMPLETED_SUCCESSFULLY,67.801884,28.230585,96.032469,0.000000,28.230585,1.000000,427,-1.000000,""
w000238__enterprise,w0,p_w000238,70.242701,1,85.831218,1,COMPLETED_SUCCESSFULLY,70.242701,25.831218,96.073919,0.000000,25.831218,1.000000,30,-1.000000,""
w000295__enterprise,w0,p_w000295,85.560111,1,70.874439,1,COMPLETED_SUCCESSFULLY,85.560111,10.874439,96.434550,0.000000,10.874439,1.000000,435,-1.000000,""
w000250__premium,w0,p_w000250,73.181071,1,83.446545,1,COMPLETED_SUCCESSFULLY,73.181071,23.446545,96.627616,0.000000,23.446545,1.000000,431,-1.000000,""
w000269__enterprise,w0,p_w000269,79.483243,1,77.212478,1,COMPLETED_SUCCESSFULLY,79.483243,17.212478,96.695721,0.000000,17.212478,1.000000,530,-1.000000,""
w000262__premium,w0,p_w000262,76.518525,1,80.193785,1,COMPLETED_SUCCESSFULLY,76.518525,20.193785,96.712310,0.000000,20.193785,1.000000,631,-1.000000,""
w000270__freemium,w0,p_w000270,79.533813,1,77.228268,1,COMPLETED_SUCCESSFULLY,79.533813,17.228268,96.762081,0.000000,17.228268,1.000000,632,-1.000000,""
w000278__enterprise,w0,p_w000278,81.096346,1,76.064169,1,COMPLETED_SUCCESSFULLY,81.096346,16.064169,97.160515,0.000000,16.064169,1.000000,732,-1.000000,""
w000261__freemium,w0,p_w000261,76.177503,1,81.093977,1,COMPLETED_SUCCESSFULLY,76.177503,21.093977,97.271480,0.000000,21.093977,1.000000,630,-1.000000,""
w000247__enterprise,w0,p_w000247,72.635487,1,84.658438,1,COMPLETED_SUCCESSFULLY,72.635487,24.658438,97.293925,0.000000,24.658438,1.000000,528,-1.000000,""
w000257__freemium,w0,p_w000257,75.382086,1,81.968339,1,COMPLETED_SUCCESSFULLY,75.382086,21.968339,97.350425,0.000000,21.968339,1.000000,335,-1.000000,""
w000279__freemium,w0,p_w000279,81.129944,1,76.282551,1,COMPLETED_SUCCESSFULLY,81.129944,16.282551,97.412495,0.000000,16.282551,1.000000,237,-1.000000,""
w000248__premium,w0,p_w000248,72.713098,1,85.548723,1,COMPLETED_SUCCESSFULLY,72.713098,25.548723,98.261821,0.000000,25.548723,1.000000,334,-1.000000,""
w000290__premium,w0,p_w000290,83.681928,1,74.979111,1,COMPLETED_SUCCESSFULLY,83.681928,14.979111,98.661039,0.000000,14.979111,1.000000,38,-1.000000,""
w000284__enterprise,w0,p_w000284,82.601170,1,76.766838,1,COMPLETED_SUCCESSFULLY,82.601170,16.766838,99.368008,0.000000,16.766838,1.000000,136,-1.000000,""
w000264__premium,w0,p_w000264,76.720311,1,82.786611,1,COMPLETED_SUCCESSFULLY,76.720311,22.786611,99.506922,0.000000,22.786611,1.000000,236,-1.000000,""
w000251__premium,w0,p_w000251,73.519150,1,86.064142,1,COMPLETED_SUCCESSFULLY,73.519150,26.064142,99.583292,0.000000,26.064142,1.000000,728,-1.000000,""
w000301__enterprise,w0,p_w000301,88.096482,1,71.727109,1,COMPLETED_SUCCESSFULLY,88.096482,11.727109,99.823591,0.000000,11.727109,1.000000,437,-1.000000,""
w000267__premium,w0,p_w000267,78.664126,1,81.311679,1,COMPLETED_SUCCESSFULLY,78.664126,21.311679,99.975805,0.000000,21.311679,1.000000,35,-1.000000,""
w000249__enterprise,w0,p_w000249,73.045630,1,87.127084,1,COMPLETED_SUCCESSFULLY,73.045630,27.127084,100.172714,0.000000,27.127084,1.000000,430,-1.000000,""
w000246__freemium,w0,p_w000246,72.364797,1,88.053560,1,COMPLETED_SUCCESSFULLY,72.364797,28.053560,100.418357,0.000000,28.053560,1.000000,234,-1.000000,""
w000255__enterprise,w0,p_w000255,74.984395,1,85.474780,1,COMPLETED_SUCCESSFULLY,74.984395,25.474780,100.459175,0.000000,25.474780,1.000000,729,-1.000000,""
w000299__freemium,w0,p_w000299,87.437025,1,73.085753,1,COMPLETED_SUCCESSFULLY,87.437025,13.085753,100.522778,0.000000,13.085753,1.000000,138,-1.000000,""
w000285__premium,w0,p_w000285,83.022516,1,77.885589,1,COMPLETED_SUCCESSFULLY,83.022516,17.885589,100.908105,0.000000,17.885589,1.000000,137,-1.000000,""
w000283__freemium,w0,p_w000283,82.521827,1,78.725233,1,COMPLETED_SUCCESSFULLY,82.521827,18.725233,101.247060,0.000000,18.725233,1.000000,135,-1.000000,""
w000305__freemium,w0,p_w000305,88.592404,1,72.769521,1,COMPLETED_SUCCESSFULLY,88.592404,12.769521,101.361925,0.000000,12.769521,1.000000,736,-1.000000,""
w000291__enterprise,w0,p_w000291,84.347927,1,77.126144,1,COMPLETED_SUCCESSFULLY,84.347927,17.126144,101.474071,0.000000,17.126144,1.000000,339,-1.000000,""
w000293__freemium,w0,p_w000293,84.863444,1,76.971941,1,COMPLETED_SUCCESSFULLY,84.863444,16.971941,101.835385,0.000000,16.971941,1.000000,533,-1.000000,""
w000303__enterprise,w0,p_w000303,88.311989,1,73.661568,1,COMPLETED_SUCCESSFULLY,88.311989,13.661568,101.973557,0.000000,13.661568,1.000000,636,-1.000000,""
w000265__enterprise,w0,p_w000265,77.163063,1,85.085351,1,COMPLETED_SUCCESSFULLY,77.163063,25.085351,102.248414,0.000000,25.085351,1.000000,33,-1.000000,""
w000302__enterprise,w0,p_w000302,88.139988,1,74.900893,1,COMPLETED_SUCCESSFULLY,88.139988,14.900893,103.040881,0.000000,14.900893,1.000000,536,-1.000000,""
w000300__premium,w0,p_w000300,87.760326,1,75.305587,1,COMPLETED_SUCCESSFULLY,87.760326,15.305587,103.065913,0.000000,15.305587,1.000000,340,-1.000000,""
w000296__freemium,w0,p_w000296,85.876090,1,77.252270,1,COMPLETED_SUCCESSFULLY,85.876090,17.252270,103.128360,0.000000,17.252270,1.000000,436,-1.000000,""
w000288__premium,w0,p_w000288,83.291281,1,79.982106,1,COMPLETED_SUCCESSFULLY,83.291281,19.982106,103.273387,0.000000,19.982106,1.000000,634,-1.000000,""
w000297__freemium,w0,p_w000297,86.331317,1,77.424787,1,COMPLETED_SUCCESSFULLY,86.331317,17.424787,103.756104,0.000000,17.424787,1.000000,534,-1.000000,""
w000314__enterprise,w0,p_w000314,92.187713,1,71.938600,1,COMPLETED_SUCCESSFULLY,92.187713,11.938600,104.126313,0.000000,11.938600,1.000000,39,-1.000000,""
w000287__enterprise,w0,p_w000287,83.147447,1,81.039537,1,COMPLETED_SUCCESSFULLY,83.147447,21.039537,104.186984,0.000000,21.039537,1.000000,532,-1.000000,""
w000275__enterprise,w0,p_w000275,80.337275,1,83.905418,1,COMPLETED_SUCCESSFULLY,80.337275,23.905418,104.242693,0.000000,23.905418,1.000000,337,-1.000000,""
w000263__enterprise,w0,p_w000263,76.669362,1,87.656045,1,COMPLETED_SUCCESSFULLY,76.669362,27.656045,104.325407,0.000000,27.656045,1.000000,730,-1.000000,""
w000292__premium,w0,p_w000292,84.384534,1,80.421490,1,COMPLETED_SUCCESSFULLY,84.384534,20.421490,104.806024,0.000000,20.421490,1.000000,434,-1.000000,""
w000310__freemium,w0,p_w000310,90.050148,1,75.220314,1,COMPLETED_SUCCESSFULLY,90.050148,15.220314,105.270462,0.000000,15.220314,1.000000,637,-1.000000,""
w000294__premium,w0,p_w000294,84.888657,1,80.669402,1,COMPLETED_SUCCESSFULLY,84.888657,20.669402,105.558059,0.000000,20.669402,1.000000,635,-1.000000,""
w000306__premium,w0,p_w000306,89.269114,1,76.374211,1,COMPLETED_SUCCESSFULLY,89.269114,16.374211,105.643325,0.000000,16.374211,1.000000,139,-1.000000,""
w000286__enterprise,w0,p_w000286,83.060198,1,83.138581,1,COMPLETED_SUCCESSFULLY,83.060198,23.138581,106.198779,0.000000,23.138581,1.000000,433,-1.000000,""
w000280__enterprise,w0,p_w000280,81.291348,1,85.622764,1,COMPLETED_SUCCESSFULLY,81.291348,25.622764,106.914112,0.000000,25.622764,1.000000,338,-1.000000,""
w000304__premium,w0,p_w000304,88.509209,1,79.027509,1,COMPLETED_SUCCESSFULLY,88.509209,19.027509,107.536718,0.000000,19.027509,1.000000,735,-1.000000,""
w000272__enterprise,w0,p_w000272,79.845419,1,87.914983,1,COMPLETED_SUCCESSFULLY,79.845419,27.914983,107.760402,0.000000,27.914983,1.000000,336,-1.000000,""
w000281__premium,w0,p_w000281,81.704345,1,86.822440,1,COMPLETED_SUCCESSFULLY,81.704345,26.822440,108.526785,0.000000,26.822440,1.000000,733,-1.000000,""
w000271__freemium,w0,p_w000271,79.598420,1,89.069797,1,COMPLETED_SUCCESSFULLY,79.598420,29.069797,108.668217,0.000000,29.069797,1.000000,36,-1.000000,""
w000313__premium,w0,p_w000313,91.142589,1,77.692477,1,COMPLETED_SUCCESSFULLY,91.142589,17.692477,108.835066,0.000000,17.692477,1.000000,141,-1.000000,""
w000273__freemium,w0,p_w000273,80.268097,1,88.727562,1,COMPLETED_SUCCESSFULLY,80.268097,28.727562,108.995659,0.000000,28.727562,1.000000,531,-1.000000,""
w000309__freemium,w0,p_w000309,90.034683,1,78.993852,1,COMPLETED_SUCCESSFULLY,90.034683,18.993852,109.028535,0.000000,18.993852,1.000000,341,-1.000000,""
w000276__premium,w0,p_w000276,80.345583,1,89.199106,1,COMPLETED_SUCCESSFULLY,80.345583,29.199106,109.544689,0.000000,29.199106,1.000000,633,-1.000000,""
w000330__freemium,w0,p_w000330,96.976423,1,72.581152,1,COMPLETED_SUCCESSFULLY,96.976423,12.581152,109.557575,0.000000,12.581152,1.000000,639,-1.000000,""
w000321__premium,w0,p_w000321,94.232103,1,75.327777,1,COMPLETED_SUCCESSFULLY,94.232103,15.327777,109.559880,0.000000,15.327777,1.000000,242,-1.000000,""
w000316__freemium,w0,p_w000316,92.921412,1,76.913260,1,COMPLETED_SUCCESSFULLY,92.921412,16.913260,109.834672,0.000000,16.913260,1.000000,240,-1.000000,""
w000312__freemium,w0,p_w000312,90.812765,1,79.089470,1,COMPLETED_SUCCESSFULLY,90.812765,19.089470,109.902235,0.000000,19.089470,1.000000,140,-1.000000,""
w000337__freemium,w0,p_w000337,99.701050,1,70.276721,1,COMPLETED_SUCCESSFULLY,99.701050,10.276721,109.977771,0.000000,10.276721,1.000000,738,-1.000000,""
w000308__freemium,w0,p_w000308,89.907261,1,80.793896,1,COMPLETED_SUCCESSFULLY,89.907261,20.793896,110.701157,0.000000,20.793896,1.000000,239,-1.000000,""
w000326__enterprise,w0,p_w000326,96.154801,1,74.585948,1,COMPLETED_SUCCESSFULLY,96.154801,14.585948,110.740749,0.000000,14.585948,1.000000,42,-1.000000,""
w000298__premium,w0,p_w000298,86.868942,1,83.923681,1,COMPLETED_SUCCESSFULLY,86.868942,23.923681,110.792623,0.000000,23.923681,1.000000,535,-1.000000,""
w000315__freemium,w0,p_w000315,92.651899,1,78.983531,1,COMPLETED_SUCCESSFULLY,92.651899,18.983531,111.635430,0.000000,18.983531,1.000000,40,-1.000000,""
w000282__premium,w0,p_w000282,82.387087,1,89.849686,1,COMPLETED_SUCCESSFULLY,82.387087,29.849686,112.236773,0.000000,29.849686,1.000000,37,-1.000000,""
w000325__enterprise,w0,p_w000325,95.914198,1,76.539661,1,COMPLETED_SUCCESSFULLY,95.914198,16.539661,112.453859,0.000000,16.539661,1.000000,438,-1.000000,""
w000289__freemium,w0,p_w000289,83.336405,1,89.161640,1,COMPLETED_SUCCESSFULLY,83.336405,29.161640,112.498045,0.000000,29.161640,1.000000,734,-1.000000,""
w000331__freemium,w0,p_w000331,97.721208,1,75.173988,1,COMPLETED_SUCCESSFULLY,97.721208,15.173988,112.895196,0.000000,15.173988,1.000000,538,-1.000000,""
w000307__enterprise,w0,p_w000307,89.821413,1,83.142397,1,COMPLETED_SUCCESSFULLY,89.821413,23.142397,112.963810,0.000000,23.142397,1.000000,238,-1.000000,""
w000327__enterprise,w0,p_w000327,96.212217,1,76.802534,1,COMPLETED_SUCCESSFULLY,96.212217,16.802534,113.014751,0.000000,16.802534,1.000000,439,-1.000000,""
w000334__enterprise,w0,p_w000334,99.084094,1,74.376662,1,COMPLETED_SUCCESSFULLY,99.084094,14.376662,113.460756,0.000000,14.376662,1.000000,43,-1.000000,""
w000323__freemium,w0,p_w000323,95.416379,1,78.450903,1,COMPLETED_SUCCESSFULLY,95.416379,18.450903,113.867282,0.000000,18.450903,1.000000,243,-1.000000,""
w000318__enterprise,w0,p_w000318,93.177069,1,80.704566,1,COMPLETED_SUCCESSFULLY,93.177069,20.704566,113.881635,0.000000,20.704566,1.000000,41,-1.000000,""
w000339__freemium,w0,p_w000339,100.773826,1,73.290719,1,COMPLETED_SUCCESSFULLY,100.773826,13.290719,114.064545,0.000000,13.290719,1.000000,245,-1.000000,""
w000328__enterprise,w0,p_w000328,96.447457,1,77.854402,1,COMPLETED_SUCCESSFULLY,96.447457,17.854402,114.301859,0.000000,17.854402,1.000000,440,-1.000000,""
w000319__enterprise,w0,p_w000319,93.660927,1,80.785896,1,COMPLETED_SUCCESSFULLY,93.660927,20.785896,114.446823,0.000000,20.785896,1.000000,537,-1.000000,""
w000333__premium,w0,p_w000333,98.762402,1,76.057931,1,COMPLETED_SUCCESSFULLY,98.762402,16.057931,114.820333,0.000000,16.057931,1.000000,640,-1.000000,""
w000335__freemium,w0,p_w000335,99.153133,1,76.835456,1,COMPLETED_SUCCESSFULLY,99.153133,16.835456,115.988589,0.000000,16.835456,1.000000,244,-1.000000,""
w000311__enterprise,w0,p_w000311,90.210870,1,86.124564,1,COMPLETED_SUCCESSFULLY,90.210870,26.124564,116.335434,0.000000,26.124564,1.000000,342,-1.000000,""
w000332__freemium,w0,p_w000332,98.342361,1,78.318126,1,COMPLETED_SUCCESSFULLY,98.342361,18.318126,116.660487,0.000000,18.318126,1.000000,343,-1.000000,""
w000338__premium,w0,p_w000338,100.737683,1,76.198569,1,COMPLETED_SUCCESSFULLY,100.737683,16.198569,116.936252,0.000000,16.198569,1.000000,441,-1.000000,""
w000341__premium,w0,p_w000341,100.900786,1,76.643358,1,COMPLETED_SUCCESSFULLY,100.900786,16.643358,117.544144,0.000000,16.643358,1.000000,739,-1.000000,""
w000356__enterprise,w0,p_w000356,105.344816,1,72.917881,1,COMPLETED_SUCCESSFULLY,105.344816,12.917881,118.262697,0.000000,12.917881,1.000000,642,-1.000000,""
w000367__premium,w0,p_w000367,107.728572,1,70.897495,1,COMPLETED_SUCCESSFULLY,107.728572,10.897495,118.626067,0.000000,10.897495,1.000000,742,-1.000000,""
w000317__enterprise,w0,p_w000317,93.044831,1,86.474497,1,COMPLETED_SUCCESSFULLY,93.044831,26.474497,119.519328,0.000000,26.474497,1.000000,737,-1.000000,""
w000345__freemium,w0,p_w000345,102.487672,1,77.629011,1,COMPLETED_SUCCESSFULLY,102.487672,17.629011,120.116683,0.000000,17.629011,1.000000,344,-1.000000,""
w000324__enterprise,w0,p_w000324,95.760944,1,84.501803,1,COMPLETED_SUCCESSFULLY,95.760944,24.501803,120.262747,0.000000,24.501803,1.000000,143,-1.000000,""
w000369__premium,w0,p_w000369,108.807511,1,71.860522,1,COMPLETED_SUCCESSFULLY,108.807511,11.860522,120.668033,0.000000,11.860522,1.000000,743,-1.000000,""
w000360__enterprise,w0,p_w000360,106.382757,1,74.309857,1,COMPLETED_SUCCESSFULLY,106.382757,14.309857,120.692614,0.000000,14.309857,1.000000,445,-1.000000,""
w000359__freemium,w0,p_w000359,105.896895,1,74.903805,1,COMPLETED_SUCCESSFULLY,105.896895,14.903805,120.800700,0.000000,14.903805,1.000000,444,-1.000000,""
w000350__enterprise,w0,p_w000350,103.974880,1,77.795602,1,COMPLETED_SUCCESSFULLY,103.974880,17.795602,121.770482,0.000000,17.795602,1.000000,540,-1.000000,""
w000370__freemium,w0,p_w000370,109.146862,1,73.461981,1,COMPLETED_SUCCESSFULLY,109.146862,13.461981,122.608843,0.000000,13.461981,1.000000,349,-1.000000,""
w000320__premium,w0,p_w000320,94.061155,1,88.722428,1,COMPLETED_SUCCESSFULLY,94.061155,28.722428,122.783583,0.000000,28.722428,1.000000,241,-1.000000,""
w000354__freemium,w0,p_w000354,104.615714,1,78.629345,1,COMPLETED_SUCCESSFULLY,104.615714,18.629345,123.245059,0.000000,18.629345,1.000000,346,-1.000000,""
w000340__premium,w0,p_w000340,100.844318,1,82.411518,1,COMPLETED_SUCCESSFULLY,100.844318,22.411518,123.255836,0.000000,22.411518,1.000000,442,-1.000000,""
w000322__enterprise,w0,p_w000322,94.828010,1,88.495994,1,COMPLETED_SUCCESSFULLY,94.828010,28.495994,123.324004,0.000000,28.495994,1.000000,142,-1.000000,""
w000346__premium,w0,p_w000346,102.813293,1,80.585679,1,COMPLETED_SUCCESSFULLY,102.813293,20.585679,123.398972,0.000000,20.585679,1.000000,539,-1.000000,""
w000368__freemium,w0,p_w000368,108.036436,1,75.397218,1,COMPLETED_SUCCESSFULLY,108.036436,15.397218,123.433654,0.000000,15.397218,1.000000,348,-1.000000,""
w000372__premium,w0,p_w000372,109.715764,1,73.722432,1,COMPLETED_SUCCESSFULLY,109.715764,13.722432,123.438196,0.000000,13.722432,1.000000,645,-1.000000,""
w000336__premium,w0,p_w000336,99.464037,1,83.988167,1,COMPLETED_SUCCESSFULLY,99.464037,23.988167,123.452204,0.000000,23.988167,1.000000,144,-1.000000,""
w000385__enterprise,w0,p_w000385,112.904637,1,70.725772,1,COMPLETED_SUCCESSFULLY,112.904637,10.725772,123.630409,0.000000,10.725772,1.000000,545,-1.000000,""
w000329__freemium,w0,p_w000329,96.463469,1,87.222645,1,COMPLETED_SUCCESSFULLY,96.463469,27.222645,123.686114,0.000000,27.222645,1.000000,638,-1.000000,""
w000366__premium,w0,p_w000366,107.499792,1,76.401285,1,COMPLETED_SUCCESSFULLY,107.499792,16.401285,123.901077,0.000000,16.401285,1.000000,246,-1.000000,""
w000374__enterprise,w0,p_w000374,110.401343,1,74.017337,1,COMPLETED_SUCCESSFULLY,110.401343,14.017337,124.418680,0.000000,14.017337,1.000000,247,-1.000000,""
w000351__freemium,w0,p_w000351,104.269934,1,80.446800,1,COMPLETED_SUCCESSFULLY,104.269934,20.446800,124.716734,0.000000,20.446800,1.000000,541,-1.000000,""
w000358__freemium,w0,p_w000358,105.825030,1,79.219843,1,COMPLETED_SUCCESSFULLY,105.825030,19.219843,125.044873,0.000000,19.219843,1.000000,147,-1.000000,""
w000364__premium,w0,p_w000364,107.076927,1,78.212392,1,COMPLETED_SUCCESSFULLY,107.076927,18.212392,125.289319,0.000000,18.212392,1.000000,46,-1.000000,""
w000375__premium,w0,p_w000375,110.751550,1,74.571218,1,COMPLETED_SUCCESSFULLY,110.751550,14.571218,125.322768,0.000000,14.571218,1.000000,47,-1.000000,""
w000365__enterprise,w0,p_w000365,107.463831,1,78.397979,1,COMPLETED_SUCCESSFULLY,107.463831,18.397979,125.861810,0.000000,18.397979,1.000000,148,-1.000000,""
w000371__premium,w0,p_w000371,109.303333,1,76.561105,1,COMPLETED_SUCCESSFULLY,109.303333,16.561105,125.864438,0.000000,16.561105,1.000000,543,-1.000000,""
w000342__freemium,w0,p_w000342,102.251857,1,83.637741,1,COMPLETED_SUCCESSFULLY,102.251857,23.637741,125.889598,0.000000,23.637741,1.000000,145,-1.000000,""
w000376__freemium,w0,p_w000376,110.990250,1,75.063693,1,COMPLETED_SUCCESSFULLY,110.990250,15.063693,126.053943,0.000000,15.063693,1.000000,248,-1.000000,""
w000357__premium,w0,p_w000357,105.606778,1,80.471418,1,COMPLETED_SUCCESSFULLY,105.606778,20.471418,126.078196,0.000000,20.471418,1.000000,643,-1.000000,""
w000352__freemium,w0,p_w000352,104.348294,1,81.896294,1,COMPLETED_SUCCESSFULLY,104.348294,21.896294,126.244588,0.000000,21.896294,1.000000,740,-1.000000,""
w000362__enterprise,w0,p_w000362,106.648287,1,79.884514,1,COMPLETED_SUCCESSFULLY,106.648287,19.884514,126.532801,0.000000,19.884514,1.000000,741,-1.000000,""
w000348__premium,w0,p_w000348,103.302751,1,84.116105,1,COMPLETED_SUCCESSFULLY,103.302751,24.116105,127.418856,0.000000,24.116105,1.000000,641,-1.000000,""
w000389__premium,w0,p_w000389,115.273966,1,72.266113,1,COMPLETED_SUCCESSFULLY,115.273966,12.266113,127.540079,0.000000,12.266113,1.000000,51,-1.000000,""
w000349__premium,w0,p_w000349,103.311231,1,85.279925,1,COMPLETED_SUCCESSFULLY,103.311231,25.279925,128.591156,0.000000,25.279925,1.000000,443,-1.000000,""
w000382__premium,w0,p_w000382,112.297330,1,76.479964,1,COMPLETED_SUCCESSFULLY,112.297330,16.479964,128.777294,0.000000,16.479964,1.000000,50,-1.000000,""
w000402__freemium,w0,p_w000402,119.944357,1,70.194175,1,COMPLETED_SUCCESSFULLY,119.944357,10.194175,130.138532,0.000000,10.194175,1.000000,748,-1.000000,""
w000344__freemium,w0,p_w000344,102.454741,1,88.564824,1,COMPLETED_SUCCESSFULLY,102.454741,28.564824,131.019565,0.000000,28.564824,1.000000,146,-1.000000,""
w000377__premium,w0,p_w000377,111.037675,1,80.175636,1,COMPLETED_SUCCESSFULLY,111.037675,20.175636,131.213311,0.000000,20.175636,1.000000,544,-1.000000,""
w000343__freemium,w0,p_w000343,102.340490,1,89.025703,1,COMPLETED_SUCCESSFULLY,102.340490,29.025703,131.366193,0.000000,29.025703,1.000000,44,-1.000000,""
w000355__premium,w0,p_w000355,104.618133,1,86.883118,1,COMPLETED_SUCCESSFULLY,104.618133,26.883118,131.501251,0.000000,26.883118,1.000000,542,-1.000000,""
w000373__premium,w0,p_w000373,110.208259,1,81.478794,1,COMPLETED_SUCCESSFULLY,110.208259,21.478794,131.687053,0.000000,21.478794,1.000000,149,-1.000000,""
w000347__enterprise,w0,p_w000347,103.075639,1,88.956763,1,COMPLETED_SUCCESSFULLY,103.075639,28.956763,132.032402,0.000000,28.956763,1.000000,345,-1.000000,""
w000381__premium,w0,p_w000381,112.170437,1,80.197712,1,COMPLETED_SUCCESSFULLY,112.170437,20.197712,132.368149,0.000000,20.197712,1.000000,49,-1.000000,""
w000410__premium,w0,p_w000410,122.074811,1,70.338481,1,COMPLETED_SUCCESSFULLY,122.074811,10.338481,132.413292,0.000000,10.338481,1.000000,547,-1.000000,""
w000384__freemium,w0,p_w000384,112.864372,1,79.726598,1,COMPLETED_SUCCESSFULLY,112.864372,19.726598,132.590970,0.000000,19.726598,1.000000,745,-1.000000,""
w000391__freemium,w0,p_w000391,116.567923,1,76.839993,1,COMPLETED_SUCCESSFULLY,116.567923,16.839993,133.407916,0.000000,16.839993,1.000000,252,-1.000000,""
w000414__freemium,w0,p_w000414,122.798112,1,70.799559,1,COMPLETED_SUCCESSFULLY,122.798112,10.799559,133.597671,0.000000,10.799559,1.000000,254,-1.000000,""
w000353__premium,w0,p_w000353,104.374208,1,89.364469,1,COMPLETED_SUCCESSFULLY,104.374208,29.364469,133.738677,0.000000,29.364469,1.000000,45,-1.000000,""
w000390__enterprise,w0,p_w000390,115.875134,1,78.156581,1,COMPLETED_SUCCESSFULLY,115.875134,18.156581,134.031715,0.000000,18.156581,1.000000,251,-1.000000,""
w000388__premium,w0,p_w000388,114.710503,1,79.537839,1,COMPLETED_SUCCESSFULLY,114.710503,19.537839,134.248342,0.000000,19.537839,1.000000,447,-1.000000,""
w000380__premium,w0,p_w000380,112.033128,1,82.802084,1,COMPLETED_SUCCESSFULLY,112.033128,22.802084,134.835212,0.000000,22.802084,1.000000,744,-1.000000,""
w000361__freemium,w0,p_w000361,106.487181,1,88.895288,1,COMPLETED_SUCCESSFULLY,106.487181,28.895288,135.382469,0.000000,28.895288,1.000000,644,-1.000000,""
w000387__premium,w0,p_w000387,114.383329,1,81.012798,1,COMPLETED_SUCCESSFULLY,114.383329,21.012798,135.396127,0.000000,21.012798,1.000000,250,-1.000000,""
w000378__premium,w0,p_w000378,111.722769,1,83.736456,1,COMPLETED_SUCCESSFULLY,111.722769,23.736456,135.459225,0.000000,23.736456,1.000000,48,-1.000000,""
w000397__enterprise,w0,p_w000397,118.145499,1,77.323476,1,COMPLETED_SUCCESSFULLY,118.145499,17.323476,135.468975,0.000000,17.323476,1.000000,647,-1.000000,""
w000363__premium,w0,p_w000363,107.027365,1,88.479499,1,COMPLETED_SUCCESSFULLY,107.027365,28.479499,135.506864,0.000000,28.479499,1.000000,347,-1.000000,""
w000395__premium,w0,p_w000395,117.864722,1,77.704577,1,COMPLETED_SUCCESSFULLY,117.864722,17.704577,135.569299,0.000000,17.704577,1.000000,449,-1.000000,""
w000393__enterprise,w0,p_w000393,116.621635,1,79.727376,1,COMPLETED_SUCCESSFULLY,116.621635,19.727376,136.349011,0.000000,19.727376,1.000000,448,-1.000000,""
w000419__freemium,w0,p_w000419,125.038274,1,72.025242,1,COMPLETED_SUCCESSFULLY,125.038274,12.025242,137.063516,0.000000,12.025242,1.000000,255,-1.000000,""
w000411__freemium,w0,p_w000411,122.310542,1,74.827062,1,COMPLETED_SUCCESSFULLY,122.310542,14.827062,137.137604,0.000000,14.827062,1.000000,353,-1.000000,""
w000417__enterprise,w0,p_w000417,123.469808,1,74.185682,1,COMPLETED_SUCCESSFULLY,123.469808,14.185682,137.655490,0.000000,14.185682,1.000000,152,-1.000000,""
w000399__freemium,w0,p_w000399,118.671581,1,79.570729,1,COMPLETED_SUCCESSFULLY,118.671581,19.570729,138.242310,0.000000,19.570729,1.000000,648,-1.000000,""
w000404__freemium,w0,p_w000404,120.304507,1,78.173584,1,COMPLETED_SUCCESSFULLY,120.304507,18.173584,138.478091,0.000000,18.173584,1.000000,352,-1.000000,""
w000429__premium,w0,p_w000429,128.212559,1,70.424577,1,COMPLETED_SUCCESSFULLY,128.212559,10.424577,138.637136,0.000000,10.424577,1.000000,651,-1.000000,""
w000412__freemium,w0,p_w000412,122.312250,1,76.624414,1,COMPLETED_SUCCESSFULLY,122.312250,16.624414,138.936664,0.000000,16.624414,1.000000,452,-1.000000,""
w000379__freemium,w0,p_w000379,111.764571,1,87.625668,1,COMPLETED_SUCCESSFULLY,111.764571,27.625668,139.390239,0.000000,27.625668,1.000000,646,-1.000000,""
w000413__enterprise,w0,p_w000413,122.623864,1,78.050412,1,COMPLETED_SUCCESSFULLY,122.623864,18.050412,140.674276,0.000000,18.050412,1.000000,354,-1.000000,""
w000394__freemium,w0,p_w000394,117.582640,1,83.251668,1,COMPLETED_SUCCESSFULLY,117.582640,23.251668,140.834308,0.000000,23.251668,1.000000,351,-1.000000,""
w000401__enterprise,w0,p_w000401,119.176942,1,81.746439,1,COMPLETED_SUCCESSFULLY,119.176942,21.746439,140.923381,0.000000,21.746439,1.000000,52,-1.000000,""
w000416__enterprise,w0,p_w000416,122.904989,1,78.331336,1,COMPLETED_SUCCESSFULLY,122.904989,18.331336,141.236325,0.000000,18.331336,1.000000,649,-1.000000,""
w000383__freemium,w0,p_w000383,112.759565,1,88.703263,1,COMPLETED_SUCCESSFULLY,112.759565,28.703263,141.462828,0.000000,28.703263,1.000000,446,-1.000000,""
w000424__freemium,w0,p_w000424,126.236144,1,75.546674,1,COMPLETED_SUCCESSFULLY,126.236144,15.546674,141.782818,0.000000,15.546674,1.000000,650,-1.000000,""
w000434__enterprise,w0,p_w000434,131.383655,1,70.446453,1,COMPLETED_SUCCESSFULLY,131.383655,10.446453,141.830108,0.000000,10.446453,1.000000,551,-1.000000,""
w000398__premium,w0,p_w000398,118.174408,1,84.047716,1,COMPLETED_SUCCESSFULLY,118.174408,24.047716,142.222124,0.000000,24.047716,1.000000,746,-1.000000,""
w000430__enterprise,w0,p_w000430,128.397558,1,74.569242,1,COMPLETED_SUCCESSFULLY,128.397558,14.569242,142.966800,0.000000,14.569242,1.000000,54,-1.000000,""
w000418__premium,w0,p_w000418,124.820656,1,78.576187,1,COMPLETED_SUCCESSFULLY,124.820656,18.576187,143.396843,0.000000,18.576187,1.000000,549,-1.000000,""
w000400__premium,w0,p_w000400,119.173275,1,84.386148,1,COMPLETED_SUCCESSFULLY,119.173275,24.386148,143.559423,0.000000,24.386148,1.000000,747,-1.000000,""
w000440__premium,w0,p_w000440,133.426391,1,70.261724,1,COMPLETED_SUCCESSFULLY,133.426391,10.261724,143.688115,0.000000,10.261724,1.000000,57,-1.000000,""
w000386__freemium,w0,p_w000386,114.018380,1,89.687925,1,COMPLETED_SUCCESSFULLY,114.018380,29.687925,143.706305,0.000000,29.687925,1.000000,249,-1.000000,""
w000407__enterprise,w0,p_w000407,120.816664,1,83.252219,1,COMPLETED_SUCCESSFULLY,120.816664,23.252219,144.068883,0.000000,23.252219,1.000000,450,-1.000000,""
w000442__enterprise,w0,p_w000442,133.766830,1,70.361489,1,COMPLETED_SUCCESSFULLY,133.766830,10.361489,144.128319,0.000000,10.361489,1.000000,257,-1.000000,""
w000431__premium,w0,p_w000431,128.654363,1,75.581401,1,COMPLETED_SUCCESSFULLY,128.654363,15.581401,144.235764,0.000000,15.581401,1.000000,453,-1.000000,""
w000441__enterprise,w0,p_w000441,133.563540,1,72.343975,1,COMPLETED_SUCCESSFULLY,133.563540,12.343975,145.907515,0.000000,12.343975,1.000000,157,-1.000000,""
w000437__premium,w0,p_w000437,132.491709,1,73.564239,1,COMPLETED_SUCCESSFULLY,132.491709,13.564239,146.055948,0.000000,13.564239,1.000000,552,-1.000000,""
w000392__enterprise,w0,p_w000392,116.590828,1,89.975725,1,COMPLETED_SUCCESSFULLY,116.590828,29.975725,146.566553,0.000000,29.975725,1.000000,350,-1.000000,""
w000409__premium,w0,p_w000409,121.689469,1,85.069854,1,COMPLETED_SUCCESSFULLY,121.689469,25.069854,146.759323,0.000000,25.069854,1.000000,253,-1.000000,""
w000425__enterprise,w0,p_w000425,126.862875,1,79.975558,1,COMPLETED_SUCCESSFULLY,126.862875,19.975558,146.838433,0.000000,19.975558,1.000000,750,-1.000000,""
w000436__freemium,w0,p_w000436,132.088014,1,74.973005,1,COMPLETED_SUCCESSFULLY,132.088014,14.973005,147.061019,0.000000,14.973005,1.000000,156,-1.000000,""
w000421__enterprise,w0,p_w000421,125.967110,1,81.322022,1,COMPLETED_SUCCESSFULLY,125.967110,21.322022,147.289132,0.000000,21.322022,1.000000,153,-1.000000,""
w000405__premium,w0,p_w000405,120.463735,1,86.884946,1,COMPLETED_SUCCESSFULLY,120.463735,26.884946,147.348681,0.000000,26.884946,1.000000,151,-1.000000,""
w000396__enterprise,w0,p_w000396,117.920873,1,89.576491,1,COMPLETED_SUCCESSFULLY,117.920873,29.576491,147.497364,0.000000,29.576491,1.000000,546,-1.000000,""
w000403__freemium,w0,p_w000403,119.950322,1,87.936858,1,COMPLETED_SUCCESSFULLY,119.950322,27.936858,147.887180,0.000000,27.936858,1.000000,150,-1.000000,""
w000426__freemium,w0,p_w000426,126.873520,1,82.229930,1,COMPLETED_SUCCESSFULLY,126.873520,22.229930,149.103450,0.000000,22.229930,1.000000,155,-1.000000,""
w000457__premium,w0,p_w000457,138.272764,1,70.884511,1,COMPLETED_SUCCESSFULLY,138.272764,10.884511,149.157275,0.000000,10.884511,1.000000,654,-1.000000,""
w000408__freemium,w0,p_w000408,121.255616,1,88.169970,1,COMPLETED_SUCCESSFULLY,121.255616,28.169970,149.425586,0.000000,28.169970,1.000000,451,-1.000000,""
w000406__enterprise,w0,p_w000406,120.671775,1,89.090984,1,COMPLETED_SUCCESSFULLY,120.671775,29.090984,149.762759,0.000000,29.090984,1.000000,749,-1.000000,""
w000454__premium,w0,p_w000454,136.886494,1,73.299174,1,COMPLETED_SUCCESSFULLY,136.886494,13.299174,150.185668,0.000000,13.299174,1.000000,357,-1.000000,""
w000450__premium,w0,p_w000450,136.043447,1,74.639101,1,COMPLETED_SUCCESSFULLY,136.043447,14.639101,150.682548,0.000000,14.639101,1.000000,653,-1.000000,""
w000415__enterprise,w0,p_w000415,122.815510,1,87.868218,1,COMPLETED_SUCCESSFULLY,122.815510,27.868218,150.683728,0.000000,27.868218,1.000000,548,-1.000000,""
w000463__premium,w0,p_w000463,138.810662,1,72.068599,1,COMPLETED_SUCCESSFULLY,138.810662,12.068599,150.879261,0.000000,12.068599,1.000000,656,-1.000000,""
w000448__enterprise,w0,p_w000448,135.966409,1,75.031908,1,COMPLETED_SUCCESSFULLY,135.966409,15.031908,150.998317,0.000000,15.031908,1.000000,652,-1.000000,""
w000427__premium,w0,p_w000427,126.941732,1,84.128150,1,COMPLETED_SUCCESSFULLY,126.941732,24.128150,151.069882,0.000000,24.128150,1.000000,256,-1.000000,""
w000459__enterprise,w0,p_w000459,138.457869,1,73.645789,1,COMPLETED_SUCCESSFULLY,138.457869,13.645789,152.103658,0.000000,13.645789,1.000000,456,-1.000000,""
w000423__freemium,w0,p_w000423,126.094736,1,86.043085,1,COMPLETED_SUCCESSFULLY,126.094736,26.043085,152.137821,0.000000,26.043085,1.000000,550,-1.000000,""
w000451__premium,w0,p_w000451,136.133319,1,76.199872,1,COMPLETED_SUCCESSFULLY,136.133319,16.199872,152.333191,0.000000,16.199872,1.000000,59,-1.000000,""
w000446__freemium,w0,p_w000446,134.738197,1,77.633021,1,COMPLETED_SUCCESSFULLY,134.738197,17.633021,152.371218,0.000000,17.633021,1.000000,356,-1.000000,""
w000443__premium,w0,p_w000443,134.092639,1,78.722009,1,COMPLETED_SUCCESSFULLY,134.092639,18.722009,152.814648,0.000000,18.722009,1.000000,258,-1.000000,""
w000420__premium,w0,p_w000420,125.656765,1,87.452149,1,COMPLETED_SUCCESSFULLY,125.656765,27.452149,153.108914,0.000000,27.452149,1.000000,53,-1.000000,""
w000464__freemium,w0,p_w000464,139.518883,1,73.619812,1,COMPLETED_SUCCESSFULLY,139.518883,13.619812,153.138695,0.000000,13.619812,1.000000,457,-1.000000,""
w000452__premium,w0,p_w000452,136.490917,1,77.049886,1,COMPLETED_SUCCESSFULLY,136.490917,17.049886,153.540803,0.000000,17.049886,1.000000,455,-1.000000,""
w000447__enterprise,w0,p_w000447,134.858369,1,78.958574,1,COMPLETED_SUCCESSFULLY,134.858369,18.958574,153.816943,0.000000,18.958574,1.000000,753,-1.000000,""
w000433__freemium,w0,p_w000433,130.330365,1,83.574553,1,COMPLETED_SUCCESSFULLY,130.330365,23.574553,153.904918,0.000000,23.574553,1.000000,751,-1.000000,""
w000470__enterprise,w0,p_w000470,140.678127,1,73.275993,1,COMPLETED_SUCCESSFULLY,140.678127,13.275993,153.954120,0.000000,13.275993,1.000000,360,-1.000000,""
w000438__enterprise,w0,p_w000438,132.808232,1,81.232843,1,COMPLETED_SUCCESSFULLY,132.808232,21.232843,154.041075,0.000000,21.232843,1.000000,553,-1.000000,""
w000422__enterprise,w0,p_w000422,126.089656,1,88.527950,1,COMPLETED_SUCCESSFULLY,126.089656,28.527950,154.617606,0.000000,28.527950,1.000000,154,-1.000000,""
w000465__premium,w0,p_w000465,140.101558,1,75.251080,1,COMPLETED_SUCCESSFULLY,140.101558,15.251080,155.352638,0.000000,15.251080,1.000000,657,-1.000000,""
w000435__freemium,w0,p_w000435,131.392058,1,84.558006,1,COMPLETED_SUCCESSFULLY,131.392058,24.558006,155.950064,0.000000,24.558006,1.000000,56,-1.000000,""
w000428__premium,w0,p_w000428,127.132287,1,89.213337,1,COMPLETED_SUCCESSFULLY,127.132287,29.213337,156.345624,0.000000,29.213337,1.000000,355,-1.000000,""
w000477__freemium,w0,p_w000477,143.203117,1,73.498351,1,COMPLETED_SUCCESSFULLY,143.203117,13.498351,156.701468,0.000000,13.498351,1.000000,659,-1.000000,""
w000466__enterprise,w0,p_w000466,140.150687,1,76.840069,1,COMPLETED_SUCCESSFULLY,140.150687,16.840069,156.990756,0.000000,16.840069,1.000000,754,-1.000000,""
w000432__enterprise,w0,p_w000432,129.701966,1,87.549152,1,COMPLETED_SUCCESSFULLY,129.701966,27.549152,157.251118,0.000000,27.549152,1.000000,55,-1.000000,""
w000455__premium,w0,p_w000455,137.214574,1,80.303849,1,COMPLETED_SUCCESSFULLY,137.214574,20.303849,157.518423,0.000000,20.303849,1.000000,261,-1.000000,""
w000484__enterprise,w0,p_w000484,145.320753,1,72.245588,1,COMPLETED_SUCCESSFULLY,145.320753,12.245588,157.566341,0.000000,12.245588,1.000000,460,-1.000000,""
w000439__enterprise,w0,p_w000439,132.977904,1,85.241071,1,COMPLETED_SUCCESSFULLY,132.977904,25.241071,158.218975,0.000000,25.241071,1.000000,752,-1.000000,""
w000480__freemium,w0,p_w000480,143.589147,1,74.815791,1,COMPLETED_SUCCESSFULLY,143.589147,14.815791,158.404938,0.000000,14.815791,1.000000,756,-1.000000,""
w000458__enterprise,w0,p_w000458,138.366522,1,80.047057,1,COMPLETED_SUCCESSFULLY,138.366522,20.047057,158.413579,0.000000,20.047057,1.000000,358,-1.000000,""
w000445__premium,w0,p_w000445,134.302744,1,84.473951,1,COMPLETED_SUCCESSFULLY,134.302744,24.473951,158.776695,0.000000,24.473951,1.000000,259,-1.000000,""
w000444__enterprise,w0,p_w000444,134.227455,1,85.324744,1,COMPLETED_SUCCESSFULLY,134.227455,25.324744,159.552199,0.000000,25.324744,1.000000,58,-1.000000,""
w000449__enterprise,w0,p_w000449,135.969067,1,83.639429,1,COMPLETED_SUCCESSFULLY,135.969067,23.639429,159.608496,0.000000,23.639429,1.000000,454,-1.000000,""
w000456__enterprise,w0,p_w000456,137.827559,1,81.818911,1,COMPLETED_SUCCESSFULLY,137.827559,21.818911,159.646470,0.000000,21.818911,1.000000,158,-1.000000,""
w000485__enterprise,w0,p_w000485,145.549683,1,74.811187,1,COMPLETED_SUCCESSFULLY,145.549683,14.811187,160.360870,0.000000,14.811187,1.000000,63,-1.000000,""
w000462__enterprise,w0,p_w000462,138.571551,1,82.055597,1,COMPLETED_SUCCESSFULLY,138.571551,22.055597,160.627148,0.000000,22.055597,1.000000,655,-1.000000,""
w000510__enterprise,w0,p_w000510,150.828867,1,70.661509,1,COMPLETED_SUCCESSFULLY,150.828867,10.661509,161.490376,0.000000,10.661509,1.000000,560,-1.000000,""
w000495__freemium,w0,p_w000495,148.266509,1,73.492856,1,COMPLETED_SUCCESSFULLY,148.266509,13.492856,161.759365,0.000000,13.492856,1.000000,162,-1.000000,""
w000473__freemium,w0,p_w000473,140.855884,1,81.214581,1,COMPLETED_SUCCESSFULLY,140.855884,21.214581,162.070465,0.000000,21.214581,1.000000,362,-1.000000,""
w000469__freemium,w0,p_w000469,140.584051,1,81.496335,1,COMPLETED_SUCCESSFULLY,140.584051,21.496335,162.080386,0.000000,21.496335,1.000000,262,-1.000000,""
w000511__enterprise,w0,p_w000511,151.213734,1,71.289846,1,COMPLETED_SUCCESSFULLY,151.213734,11.289846,162.503580,0.000000,11.289846,1.000000,662,-1.000000,""
w000505__freemium,w0,p_w000505,149.868227,1,73.617788,1,COMPLETED_SUCCESSFULLY,149.868227,13.617788,163.486015,0.000000,13.617788,1.000000,661,-1.000000,""
w000503__freemium,w0,p_w000503,149.098340,1,74.430268,1,COMPLETED_SUCCESSFULLY,149.098340,14.430268,163.528608,0.000000,14.430268,1.000000,266,-1.000000,""
w000474__enterprise,w0,p_w000474,140.927144,1,82.861550,1,COMPLETED_SUCCESSFULLY,140.927144,22.861550,163.788694,0.000000,22.861550,1.000000,61,-1.000000,""
w000475__premium,w0,p_w000475,142.025739,1,82.093101,1,COMPLETED_SUCCESSFULLY,142.025739,22.093101,164.118840,0.000000,22.093101,1.000000,658,-1.000000,""
w000512__premium,w0,p_w000512,151.940465,1,72.489809,1,COMPLETED_SUCCESSFULLY,151.940465,12.489809,164.430274,0.000000,12.489809,1.000000,663,-1.000000,""
w000472__premium,w0,p_w000472,140.791462,1,83.927280,1,COMPLETED_SUCCESSFULLY,140.791462,23.927280,164.718742,0.000000,23.927280,1.000000,458,-1.000000,""
w000514__freemium,w0,p_w000514,152.766520,1,72.222181,1,COMPLETED_SUCCESSFULLY,152.766520,12.222181,164.988701,0.000000,12.222181,1.000000,561,-1.000000,""
w000486__enterprise,w0,p_w000486,145.775760,1,79.794236,1,COMPLETED_SUCCESSFULLY,145.775760,19.794236,165.569996,0.000000,19.794236,1.000000,264,-1.000000,""
w000460__enterprise,w0,p_w000460,138.465585,1,87.207485,1,COMPLETED_SUCCESSFULLY,138.465585,27.207485,165.673070,0.000000,27.207485,1.000000,554,-1.000000,""
w000493__freemium,w0,p_w000493,146.828051,1,78.875008,1,COMPLETED_SUCCESSFULLY,146.828051,18.875008,165.703059,0.000000,18.875008,1.000000,660,-1.000000,""
w000468__premium,w0,p_w000468,140.516077,1,85.562725,1,COMPLETED_SUCCESSFULLY,140.516077,25.562725,166.078802,0.000000,25.562725,1.000000,159,-1.000000,""
w000453__freemium,w0,p_w000453,136.770682,1,89.501882,1,COMPLETED_SUCCESSFULLY,136.770682,29.501882,166.272564,0.000000,29.501882,1.000000,260,-1.000000,""
w000476__premium,w0,p_w000476,142.670943,1,83.916427,1,COMPLETED_SUCCESSFULLY,142.670943,23.916427,166.587370,0.000000,23.916427,1.000000,555,-1.000000,""
w000478__freemium,w0,p_w000478,143.230650,1,83.589831,1,COMPLETED_SUCCESSFULLY,143.230650,23.589831,166.820481,0.000000,23.589831,1.000000,755,-1.000000,""
w000479__freemium,w0,p_w000479,143.494118,1,83.759578,1,COMPLETED_SUCCESSFULLY,143.494118,23.759578,167.253696,0.000000,23.759578,1.000000,556,-1.000000,""
w000500__freemium,w0,p_w000500,148.760371,1,78.513098,1,COMPLETED_SUCCESSFULLY,148.760371,18.513098,167.273469,0.000000,18.513098,1.000000,758,-1.000000,""
w000506__enterprise,w0,p_w000506,150.152396,1,77.179868,1,COMPLETED_SUCCESSFULLY,150.152396,17.179868,167.332264,0.000000,17.179868,1.000000,759,-1.000000,""
w000494__freemium,w0,p_w000494,147.614466,1,79.742503,1,COMPLETED_SUCCESSFULLY,147.614466,19.742503,167.356969,0.000000,19.742503,1.000000,161,-1.000000,""
w000482__enterprise,w0,p_w000482,144.410447,1,83.535893,1,COMPLETED_SUCCESSFULLY,144.410447,23.535893,167.946340,0.000000,23.535893,1.000000,459,-1.000000,""
w000497__freemium,w0,p_w000497,148.596315,1,79.377813,1,COMPLETED_SUCCESSFULLY,148.596315,19.377813,167.974128,0.000000,19.377813,1.000000,757,-1.000000,""
w000461__premium,w0,p_w000461,138.488591,1,89.605227,1,COMPLETED_SUCCESSFULLY,138.488591,29.605227,168.093818,0.000000,29.605227,1.000000,359,-1.000000,""
w000467__enterprise,w0,p_w000467,140.434536,1,88.081646,1,COMPLETED_SUCCESSFULLY,140.434536,28.081646,168.516182,0.000000,28.081646,1.000000,60,-1.000000,""
w000471__freemium,w0,p_w000471,140.721904,1,88.097306,1,COMPLETED_SUCCESSFULLY,140.721904,28.097306,168.819210,0.000000,28.097306,1.000000,361,-1.000000,""
w000521__freemium,w0,p_w000521,154.535500,1,74.332867,1,COMPLETED_SUCCESSFULLY,154.535500,14.332867,168.868367,0.000000,14.332867,1.000000,366,-1.000000,""
w000516__enterprise,w0,p_w000516,153.593248,1,75.550733,1,COMPLETED_SUCCESSFULLY,153.593248,15.550733,169.143981,0.000000,15.550733,1.000000,464,-1.000000,""
w000519__enterprise,w0,p_w000519,153.888603,1,75.406045,1,COMPLETED_SUCCESSFULLY,153.888603,15.406045,169.294648,0.000000,15.406045,1.000000,465,-1.000000,""
w000504__freemium,w0,p_w000504,149.574179,1,80.390519,1,COMPLETED_SUCCESSFULLY,149.574179,20.390519,169.964698,0.000000,20.390519,1.000000,462,-1.000000,""
w000508__premium,w0,p_w000508,150.278668,1,79.842928,1,COMPLETED_SUCCESSFULLY,150.278668,19.842928,170.121596,0.000000,19.842928,1.000000,166,-1.000000,""
w000498__freemium,w0,p_w000498,148.695071,1,81.705498,1,COMPLETED_SUCCESSFULLY,148.695071,21.705498,170.400569,0.000000,21.705498,1.000000,164,-1.000000,""
w000501__enterprise,w0,p_w000501,148.992978,1,81.790283,1,COMPLETED_SUCCESSFULLY,148.992978,21.790283,170.783261,0.000000,21.790283,1.000000,64,-1.000000,""
w000532__enterprise,w0,p_w000532,158.050554,1,72.878273,1,COMPLETED_SUCCESSFULLY,158.050554,12.878273,170.928827,0.000000,12.878273,1.000000,762,-1.000000,""
w000481__freemium,w0,p_w000481,143.781385,1,87.422917,1,COMPLETED_SUCCESSFULLY,143.781385,27.422917,171.204302,0.000000,27.422917,1.000000,62,-1.000000,""
w000525__premium,w0,p_w000525,155.059369,1,76.177050,1,COMPLETED_SUCCESSFULLY,155.059369,16.177050,171.236419,0.000000,16.177050,1.000000,167,-1.000000,""
w000513__freemium,w0,p_w000513,152.722813,1,78.660125,1,COMPLETED_SUCCESSFULLY,152.722813,18.660125,171.382938,0.000000,18.660125,1.000000,463,-1.000000,""
w000496__freemium,w0,p_w000496,148.347293,1,83.232252,1,COMPLETED_SUCCESSFULLY,148.347293,23.232252,171.579545,0.000000,23.232252,1.000000,163,-1.000000,""
w000490__freemium,w0,p_w000490,146.431074,1,85.717773,1,COMPLETED_SUCCESSFULLY,146.431074,25.717773,172.148847,0.000000,25.717773,1.000000,558,-1.000000,""
w000509__premium,w0,p_w000509,150.534702,1,81.780718,1,COMPLETED_SUCCESSFULLY,150.534702,21.780718,172.315420,0.000000,21.780718,1.000000,365,-1.000000,""
w000502__freemium,w0,p_w000502,149.015576,1,83.482299,1,COMPLETED_SUCCESSFULLY,149.015576,23.482299,172.497875,0.000000,23.482299,1.000000,165,-1.000000,""
w000539__premium,w0,p_w000539,160.401180,1,72.510881,1,COMPLETED_SUCCESSFULLY,160.401180,12.510881,172.912061,0.000000,12.510881,1.000000,69,-1.000000,""
w000488__premium,w0,p_w000488,146.019838,1,87.292818,1,COMPLETED_SUCCESSFULLY,146.019838,27.292818,173.312656,0.000000,27.292818,1.000000,160,-1.000000,""
w000544__premium,w0,p_w000544,161.231615,1,72.424264,1,COMPLETED_SUCCESSFULLY,161.231615,12.424264,173.655879,0.000000,12.424264,1.000000,369,-1.000000,""
w000492__premium,w0,p_w000492,146.798993,1,86.905178,1,COMPLETED_SUCCESSFULLY,146.798993,26.905178,173.704171,0.000000,26.905178,1.000000,265,-1.000000,""
w000527__enterprise,w0,p_w000527,155.921592,1,77.892817,1,COMPLETED_SUCCESSFULLY,155.921592,17.892817,173.814409,0.000000,17.892817,1.000000,665,-1.000000,""
w000499__freemium,w0,p_w000499,148.706185,1,85.243359,1,COMPLETED_SUCCESSFULLY,148.706185,25.243359,173.949544,0.000000,25.243359,1.000000,559,-1.000000,""
w000483__premium,w0,p_w000483,144.812625,1,89.144026,1,COMPLETED_SUCCESSFULLY,144.812625,29.144026,173.956651,0.000000,29.144026,1.000000,263,-1.000000,""
w000537__premium,w0,p_w000537,159.245184,1,74.816792,1,COMPLETED_SUCCESSFULLY,159.245184,14.816792,174.061976,0.000000,14.816792,1.000000,764,-1.000000,""
w000549__premium,w0,p_w000549,163.252549,1,71.056931,1,COMPLETED_SUCCESSFULLY,163.252549,11.056931,174.309480,0.000000,11.056931,1.000000,370,-1.000000,""
w000491__freemium,w0,p_w000491,146.608518,1,87.820114,1,COMPLETED_SUCCESSFULLY,146.608518,27.820114,174.428632,0.000000,27.820114,1.000000,363,-1.000000,""
w000515__premium,w0,p_w000515,152.809681,1,81.626154,1,COMPLETED_SUCCESSFULLY,152.809681,21.626154,174.435835,0.000000,21.626154,1.000000,664,-1.000000,""
w000543__enterprise,w0,p_w000543,160.824228,1,73.862190,1,COMPLETED_SUCCESSFULLY,160.824228,13.862190,174.686418,0.000000,13.862190,1.000000,168,-1.000000,""
w000530__freemium,w0,p_w000530,157.413491,1,77.519779,1,COMPLETED_SUCCESSFULLY,157.413491,17.519779,174.933270,0.000000,17.519779,1.000000,67,-1.000000,""
w000487__freemium,w0,p_w000487,145.815516,1,89.182132,1,COMPLETED_SUCCESSFULLY,145.815516,29.182132,174.997648,0.000000,29.182132,1.000000,461,-1.000000,""
w000507__enterprise,w0,p_w000507,150.218910,1,84.781364,1,COMPLETED_SUCCESSFULLY,150.218910,24.781364,175.000274,0.000000,24.781364,1.000000,364,-1.000000,""
w000529__premium,w0,p_w000529,157.174111,1,78.062626,1,COMPLETED_SUCCESSFULLY,157.174111,18.062626,175.236737,0.000000,18.062626,1.000000,666,-1.000000,""
w000489__enterprise,w0,p_w000489,146.135904,1,89.445041,1,COMPLETED_SUCCESSFULLY,146.135904,29.445041,175.580945,0.000000,29.445041,1.000000,557,-1.000000,""
w000541__enterprise,w0,p_w000541,160.535971,1,75.797383,1,COMPLETED_SUCCESSFULLY,160.535971,15.797383,176.333354,0.000000,15.797383,1.000000,70,-1.000000,""
w000517__premium,w0,p_w000517,153.623028,1,83.135643,1,COMPLETED_SUCCESSFULLY,153.623028,23.135643,176.758671,0.000000,23.135643,1.000000,65,-1.000000,""
w000564__freemium,w0,p_w000564,166.939575,1,70.231055,1,COMPLETED_SUCCESSFULLY,166.939575,10.231055,177.170630,0.000000,10.231055,1.000000,469,-1.000000,""
w000559__premium,w0,p_w000559,165.825470,1,71.484446,1,COMPLETED_SUCCESSFULLY,165.825470,11.484446,177.309916,0.000000,11.484446,1.000000,672,-1.000000,""
w000518__freemium,w0,p_w000518,153.649926,1,83.942175,1,COMPLETED_SUCCESSFULLY,153.649926,23.942175,177.592101,0.000000,23.942175,1.000000,267,-1.000000,""
w000556__premium,w0,p_w000556,165.647047,1,72.064681,1,COMPLETED_SUCCESSFULLY,165.647047,12.064681,177.711728,0.000000,12.064681,1.000000,272,-1.000000,""
w000531__enterprise,w0,p_w000531,157.969268,1,79.934963,1,COMPLETED_SUCCESSFULLY,157.969268,19.934963,177.904231,0.000000,19.934963,1.000000,466,-1.000000,""
w000524__enterprise,w0,p_w000524,154.953074,1,83.009839,1,COMPLETED_SUCCESSFULLY,154.953074,23.009839,177.962913,0.000000,23.009839,1.000000,66,-1.000000,""
w000534__freemium,w0,p_w000534,158.398845,1,79.596441,1,COMPLETED_SUCCESSFULLY,158.398845,19.596441,177.995286,0.000000,19.596441,1.000000,68,-1.000000,""
w000533__premium,w0,p_w000533,158.386539,1,80.185658,1,COMPLETED_SUCCESSFULLY,158.386539,20.185658,178.572197,0.000000,20.185658,1.000000,763,-1.000000,""
w000535__enterprise,w0,p_w000535,158.657762,1,80.532347,1,COMPLETED_SUCCESSFULLY,158.657762,20.532347,179.190109,0.000000,20.532347,1.000000,368,-1.000000,""
w000571__enterprise,w0,p_w000571,169.298722,1,70.004346,1,COMPLETED_SUCCESSFULLY,169.298722,10.004346,179.303068,0.000000,10.004346,1.000000,371,-1.000000,""
w000520__freemium,w0,p_w000520,154.404109,1,84.971398,1,COMPLETED_SUCCESSFULLY,154.404109,24.971398,179.375507,0.000000,24.971398,1.000000,760,-1.000000,""
w000562__freemium,w0,p_w000562,166.705600,1,73.953651,1,COMPLETED_SUCCESSFULLY,166.705600,13.953651,180.659251,0.000000,13.953651,1.000000,566,-1.000000,""
w000522__premium,w0,p_w000522,154.773661,1,86.056757,1,COMPLETED_SUCCESSFULLY,154.773661,26.056757,180.830418,0.000000,26.056757,1.000000,562,-1.000000,""
w000523__freemium,w0,p_w000523,154.793308,1,86.518838,1,COMPLETED_SUCCESSFULLY,154.793308,26.518838,181.312146,0.000000,26.518838,1.000000,761,-1.000000,""
w000574__freemium,w0,p_w000574,170.187900,1,71.143753,1,COMPLETED_SUCCESSFULLY,170.187900,11.143753,181.331653,0.000000,11.143753,1.000000,171,-1.000000,""
w000536__premium,w0,p_w000536,158.942378,1,82.525178,1,COMPLETED_SUCCESSFULLY,158.942378,22.525178,181.467556,0.000000,22.525178,1.000000,269,-1.000000,""
w000540__enterprise,w0,p_w000540,160.469491,1,81.091931,1,COMPLETED_SUCCESSFULLY,160.469491,21.091931,181.561422,0.000000,21.091931,1.000000,467,-1.000000,""
w000526__freemium,w0,p_w000526,155.083431,1,87.631254,1,COMPLETED_SUCCESSFULLY,155.083431,27.631254,182.714685,0.000000,27.631254,1.000000,268,-1.000000,""
w000528__enterprise,w0,p_w000528,156.494001,1,86.369253,1,COMPLETED_SUCCESSFULLY,156.494001,26.369253,182.863254,0.000000,26.369253,1.000000,367,-1.000000,""
w000546__premium,w0,p_w000546,162.984711,1,79.978974,1,COMPLETED_SUCCESSFULLY,162.984711,19.978974,182.963685,0.000000,19.978974,1.000000,668,-1.000000,""
w000573__freemium,w0,p_w000573,169.980451,1,73.170221,1,COMPLETED_SUCCESSFULLY,169.980451,13.170221,183.150672,0.000000,13.170221,1.000000,471,-1.000000,""
w000566__premium,w0,p_w000566,167.151953,1,76.291062,1,COMPLETED_SUCCESSFULLY,167.151953,16.291062,183.443015,0.000000,16.291062,1.000000,673,-1.000000,""
w000548__freemium,w0,p_w000548,163.187862,1,80.566059,1,COMPLETED_SUCCESSFULLY,163.187862,20.566059,183.753921,0.000000,20.566059,1.000000,271,-1.000000,""
w000557__enterprise,w0,p_w000557,165.659419,1,78.098626,1,COMPLETED_SUCCESSFULLY,165.659419,18.098626,183.758045,0.000000,18.098626,1.000000,273,-1.000000,""
w000542__freemium,w0,p_w000542,160.728256,1,84.104263,1,COMPLETED_SUCCESSFULLY,160.728256,24.104263,184.832519,0.000000,24.104263,1.000000,667,-1.000000,""
w000578__freemium,w0,p_w000578,171.502440,1,73.376398,1,COMPLETED_SUCCESSFULLY,171.502440,13.376398,184.878838,0.000000,13.376398,1.000000,472,-1.000000,""
w000563__enterprise,w0,p_w000563,166.908047,1,78.716652,1,COMPLETED_SUCCESSFULLY,166.908047,18.716652,185.624699,0.000000,18.716652,1.000000,765,-1.000000,""
w000590__premium,w0,p_w000590,174.998603,1,70.791967,1,COMPLETED_SUCCESSFULLY,174.998603,10.791967,185.790570,0.000000,10.791967,1.000000,75,-1.000000,""
w000570__enterprise,w0,p_w000570,168.772641,1,77.232690,1,COMPLETED_SUCCESSFULLY,168.772641,17.232690,186.005331,0.000000,17.232690,1.000000,72,-1.000000,""
w000591__premium,w0,p_w000591,175.475661,1,70.580203,1,COMPLETED_SUCCESSFULLY,175.475661,10.580203,186.055864,0.000000,10.580203,1.000000,376,-1.000000,""
w000547__premium,w0,p_w000547,162.989313,1,83.414671,1,COMPLETED_SUCCESSFULLY,162.989313,23.414671,186.403984,0.000000,23.414671,1.000000,169,-1.000000,""
w000584__freemium,w0,p_w000584,172.758698,1,74.412562,1,COMPLETED_SUCCESSFULLY,172.758698,14.412562,187.171260,0.000000,14.412562,1.000000,373,-1.000000,""
w000558__freemium,w0,p_w000558,165.690543,1,81.486573,1,COMPLETED_SUCCESSFULLY,165.690543,21.486573,187.177116,0.000000,21.486573,1.000000,565,-1.000000,""
w000560__freemium,w0,p_w000560,166.102656,1,81.076952,1,COMPLETED_SUCCESSFULLY,166.102656,21.076952,187.179608,0.000000,21.076952,1.000000,170,-1.000000,""
w000538__enterprise,w0,p_w000538,159.518607,1,88.770652,1,COMPLETED_SUCCESSFULLY,159.518607,28.770652,188.289259,0.000000,28.770652,1.000000,270,-1.000000,""
w000552__premium,w0,p_w000552,164.434438,1,83.971833,1,COMPLETED_SUCCESSFULLY,164.434438,23.971833,188.406271,0.000000,23.971833,1.000000,670,-1.000000,""
w000587__enterprise,w0,p_w000587,174.443328,1,74.051216,1,COMPLETED_SUCCESSFULLY,174.443328,14.051216,188.494544,0.000000,14.051216,1.000000,374,-1.000000,""
w000553__enterprise,w0,p_w000553,164.567651,1,83.958278,1,COMPLETED_SUCCESSFULLY,164.567651,23.958278,188.525929,0.000000,23.958278,1.000000,671,-1.000000,""
w000565__freemium,w0,p_w000565,167.108549,1,82.136497,1,COMPLETED_SUCCESSFULLY,167.108549,22.136497,189.245046,0.000000,22.136497,1.000000,567,-1.000000,""
w000551__enterprise,w0,p_w000551,164.039815,1,85.521125,1,COMPLETED_SUCCESSFULLY,164.039815,25.521125,189.560940,0.000000,25.521125,1.000000,71,-1.000000,""
w000575__premium,w0,p_w000575,171.085154,1,79.200345,1,COMPLETED_SUCCESSFULLY,171.085154,19.200345,190.285499,0.000000,19.200345,1.000000,172,-1.000000,""
w000582__enterprise,w0,p_w000582,172.302687,1,79.052831,1,COMPLETED_SUCCESSFULLY,172.302687,19.052831,191.355518,0.000000,19.052831,1.000000,568,-1.000000,""
w000589__freemium,w0,p_w000589,174.947217,1,76.444578,1,COMPLETED_SUCCESSFULLY,174.947217,16.444578,191.391795,0.000000,16.444578,1.000000,769,-1.000000,""
w000555__freemium,w0,p_w000555,165.283409,1,86.294636,1,COMPLETED_SUCCESSFULLY,165.283409,26.294636,191.578045,0.000000,26.294636,1.000000,564,-1.000000,""
w000583__enterprise,w0,p_w000583,172.670468,1,78.974041,1,COMPLETED_SUCCESSFULLY,172.670468,18.974041,191.644509,0.000000,18.974041,1.000000,175,-1.000000,""
w000550__freemium,w0,p_w000550,163.918054,1,87.889683,1,COMPLETED_SUCCESSFULLY,163.918054,27.889683,191.807737,0.000000,27.889683,1.000000,669,-1.000000,""
w000545__enterprise,w0,p_w000545,162.514588,1,89.889043,1,COMPLETED_SUCCESSFULLY,162.514588,29.889043,192.403631,0.000000,29.889043,1.000000,563,-1.000000,""
w000577__enterprise,w0,p_w000577,171.207071,1,81.960605,1,COMPLETED_SUCCESSFULLY,171.207071,21.960605,193.167676,0.000000,21.960605,1.000000,73,-1.000000,""
w000569__freemium,w0,p_w000569,168.665468,1,84.665492,1,COMPLETED_SUCCESSFULLY,168.665468,24.665492,193.330960,0.000000,24.665492,1.000000,768,-1.000000,""
w000588__premium,w0,p_w000588,174.518961,1,79.054366,1,COMPLETED_SUCCESSFULLY,174.518961,19.054366,193.573327,0.000000,19.054366,1.000000,375,-1.000000,""
w000568__premium,w0,p_w000568,167.842663,1,85.773668,1,COMPLETED_SUCCESSFULLY,167.842663,25.773668,193.616331,0.000000,25.773668,1.000000,767,-1.000000,""
w000561__premium,w0,p_w000561,166.446460,1,87.245719,1,COMPLETED_SUCCESSFULLY,166.446460,27.245719,193.692179,0.000000,27.245719,1.000000,274,-1.000000,""
w000554__freemium,w0,p_w000554,164.944902,1,89.154320,1,COMPLETED_SUCCESSFULLY,164.944902,29.154320,194.099222,0.000000,29.154320,1.000000,468,-1.000000,""
w000576__premium,w0,p_w000576,171.161514,1,83.185168,1,COMPLETED_SUCCESSFULLY,171.161514,23.185168,194.346682,0.000000,23.185168,1.000000,372,-1.000000,""
w000592__premium,w0,p_w000592,176.382913,1,78.082707,1,COMPLETED_SUCCESSFULLY,176.382913,18.082707,194.465620,0.000000,18.082707,1.000000,569,-1.000000,""
w000585__enterprise,w0,p_w000585,173.619293,1,80.955244,1,COMPLETED_SUCCESSFULLY,173.619293,20.955244,194.574537,0.000000,20.955244,1.000000,74,-1.000000,""
w000567__premium,w0,p_w000567,167.654488,1,87.516454,1,COMPLETED_SUCCESSFULLY,167.654488,27.516454,195.170942,0.000000,27.516454,1.000000,766,-1.000000,""
w000581__premium,w0,p_w000581,171.734123,1,83.843225,1,COMPLETED_SUCCESSFULLY,171.734123,23.843225,195.577348,0.000000,23.843225,1.000000,473,-1.000000,""
w000579__premium,w0,p_w000579,171.710195,1,84.968607,1,COMPLETED_SUCCESSFULLY,171.710195,24.968607,196.678802,0.000000,24.968607,1.000000,173,-1.000000,""
w000580__freemium,w0,p_w000580,171.731641,1,85.270766,1,COMPLETED_SUCCESSFULLY,171.731641,25.270766,197.002407,0.000000,25.270766,1.000000,174,-1.000000,""
w000599__enterprise,w0,p_w000599,178.667047,1,78.484968,1,COMPLETED_SUCCESSFULLY,178.667047,18.484968,197.152015,0.000000,18.484968,1.000000,78,-1.000000,""
w000593__freemium,w0,p_w000593,176.617391,1,80.885075,1,COMPLETED_SUCCESSFULLY,176.617391,20.885075,197.502466,0.000000,20.885075,1.000000,674,-1.000000,""
w000572__premium,w0,p_w000572,169.452761,1,88.578962,1,COMPLETED_SUCCESSFULLY,169.452761,28.578962,198.031723,0.000000,28.578962,1.000000,470,-1.000000,""
w000595__premium,w0,p_w000595,177.319094,1,82.109129,1,COMPLETED_SUCCESSFULLY,177.319094,22.109129,199.428223,0.000000,22.109129,1.000000,474,-1.000000,""
w000598__premium,w0,p_w000598,178.141416,1,82.576062,1,COMPLETED_SUCCESSFULLY,178.141416,22.576062,200.717478,0.000000,22.576062,1.000000,77,-1.000000,""
w000596__freemium,w0,p_w000596,177.383401,1,85.032279,1,COMPLETED_SUCCESSFULLY,177.383401,25.032279,202.415680,0.000000,25.032279,1.000000,675,-1.000000,""
w000586__freemium,w0,p_w000586,173.957362,1,89.794067,1,COMPLETED_SUCCESSFULLY,173.957362,29.794067,203.751429,0.000000,29.794067,1.000000,176,-1.000000,""
w000597__enterprise,w0,p_w000597,177.974301,1,86.875272,1,COMPLETED_SUCCESSFULLY,177.974301,26.875272,204.849573,0.000000,26.875272,1.000000,275,-1.000000,""
w000594__premium,w0,p_w000594,176.706292,1,88.459955,1,COMPLETED_SUCCESSFULLY,176.706292,28.459955,205.166247,0.000000,28.459955,1.000000,76,-1.000000,""
