path,kind
analyze.py,unknown
analyze_state.py,analysis_script
generate_platform.py,unknown
generate_workload.py,legacy_batsim_or_scheduler
query_sim/analyze_calibration_simulation_mapping.py,current_query_sim
query_sim/latency_model.py,unknown
query_sim/plot_latency_metrics.py,current_query_sim
query_sim/plot_latency_vs_load.py,current_query_sim
query_sim/plot_query_diagnostics.py,current_query_sim
query_sim/plot_query_results.py,current_query_sim
query_sim/plot_terminal_sweep.py,current_query_sim
query_sim/plot_terminal_sweep_combined.py,current_query_sim
query_sim/plot_terminal_sweep_extra.py,current_query_sim
query_sim/policies.py,unknown
query_sim/run_all_query_simulations.py,run_script
query_sim/run_query_simulation.py,current_query_sim
query_sim/run_terminal_sweep.py,current_query_sim
run_all.py,run_script
run_experiments.py,run_script
run_one.py,legacy_batsim_or_scheduler
scenario.py,unknown
schedulers/common.py,legacy_batsim_or_scheduler
schedulers/least_loaded.py,legacy_batsim_or_scheduler
schedulers/plb_nclass.py,legacy_batsim_or_scheduler
schedulers/round_robin.py,legacy_batsim_or_scheduler
validate_workload.py,unknown
