time_s,enterprise,event,freemium,mixed,premium
0.642215,1,start,1,5,1
0.849197,1,start,1,5,1
1.127565,1,start,1,5,1
1.264784,1,start,1,5,1
1.358111,1,start,1,5,1
1.478232,1,start,1,5,1
1.681853,1,start,1,5,1
2.073763,1,start,1,5,1
2.704478,1,start,1,5,1
3.276327,1,start,1,5,1
3.581972,1,start,1,5,1
3.586398,1,start,1,5,1
3.676297,1,start,1,5,1
4.374377,1,start,1,5,1
4.657087,1,start,1,5,1
5.065847,1,start,1,5,1
5.340604,1,start,1,5,1
5.449162,1,start,1,5,1
5.639513,1,start,1,5,1
5.754497,1,start,1,5,1
6.177081,1,start,1,5,1
6.479548,1,start,1,5,1
6.524914,1,start,1,5,1
6.685602,1,start,1,5,1
6.735907,1,start,1,5,1
6.75734,1,start,1,5,1
7.234204,1,start,1,5,1
7.303093,1,start,1,5,1
8.132033,1,start,1,5,1
8.21232,1,start,1,5,1
8.587141,1,start,2,4,1
8.619193,2,start,2,3,1
8.694156,2,start,2,2,2
8.835645,2,start,2,2,2
9.069285,2,start,2,2,2
9.135429,2,start,2,2,2
9.28464,2,start,2,2,2
9.693539,2,start,2,2,2
9.766178,2,start,2,2,2
10.049861,2,start,2,2,2
10.305361,2,start,2,2,2
10.621592,2,start,2,2,2
10.760736,2,start,2,2,2
11.006205,2,start,2,2,2
11.31424,2,start,2,2,2
12.056107,2,start,2,2,2
12.494798,2,finish,2,2,2
13.030056,2,start,2,2,2
13.057441,2,start,2,2,2
13.09857,2,start,2,2,2
13.123138,2,start,2,2,2
13.196528,2,start,2,2,2
13.258368,2,start,2,2,2
13.263091,2,start,2,2,2
13.326856,2,start,2,2,2
13.999537,2,start,2,2,2
14.08594,2,start,2,2,2
14.74045,2,finish,2,2,2
14.803766,2,start,2,2,2
14.821197,2,start,2,2,2
15.661757,3,start,2,1,2
15.855593,3,start,2,1,2
15.871388,3,start,2,1,2
15.916857,3,start,2,0,3
16.102021,3,finish,2,0,3
16.145568,3,start,2,0,3
16.188526,3,start,2,0,3
16.240308,3,start,2,0,3
16.380478,3,start,2,0,3
16.857413,3,finish,2,0,3
17.267031,3,start,2,0,3
17.305591,3,start,2,0,3
17.311513,3,start,2,0,3
17.793852,3,start,2,0,3
18.335794,3,finish,2,0,3
18.382462,3,finish,2,0,3
18.398089,3,start,2,0,3
18.998204,3,finish,2,0,3
19.031597,3,start,2,0,3
19.107966,3,start,2,0,3
19.151375,3,start,2,0,3
19.36767,3,start,2,0,3
20.069196,3,finish,2,0,3
20.18413,3,finish,2,0,3
20.197763,3,finish,2,0,3
20.315991,3,start,2,0,3
20.439259,3,start,2,0,3
20.768981,3,finish,2,0,3
20.814204,3,finish,2,0,3
20.945801,3,finish,2,0,3
21.098316,3,start,2,0,3
21.334981,3,start,2,0,3
21.578263,3,start,2,0,3
21.763981,3,finish,2,0,3
21.981698,3,start,2,0,3
22.493257,3,start,2,0,3
22.638588,3,start,2,0,3
22.717535,3,finish,2,0,3
22.875762,3,start,2,0,3
22.884702,3,finish,2,0,3
23.287293,3,finish,2,0,3
23.357371,3,start,2,0,3
23.604813,3,finish,2,0,3
23.712471,3,finish,2,0,3
23.957916,3,start,2,0,3
24.222755,3,start,2,0,3
24.371459,3,start,2,0,3
24.561002,3,finish,2,0,3
25.024491,3,start,2,0,3
25.298257,3,finish,2,0,3
25.623193,3,finish,2,0,3
25.63853,3,finish,2,0,3
25.725187,3,finish,2,0,3
25.732581,3,start,2,0,3
26.128566,3,finish,2,0,3
26.350642,3,start,2,0,3
26.44696,3,start,2,0,3
26.722061,3,finish,2,0,3
26.884677,3,start,2,0,3
26.928158,3,finish,2,0,3
27.142225,3,start,2,0,3
27.237163,3,finish,2,0,3
27.404448,3,start,2,0,3
27.56588,3,finish,2,0,3
28.182503,3,finish,2,0,3
28.196464,3,finish,2,0,3
28.360688,3,start,2,0,3
28.370228,3,finish,2,0,3
28.395659,3,finish,2,0,3
28.473869,3,finish,2,0,3
28.609101,3,finish,2,0,3
28.856643,3,start,2,0,3
28.857142,3,finish,2,0,3
28.972504,3,start,2,0,3
29.151883,3,finish,2,0,3
29.167115,3,start,2,0,3
29.407159,3,finish,2,0,3
29.423755,3,start,2,0,3
29.522326,3,finish,2,0,3
29.532417,3,start,2,0,3
29.741039,3,start,2,0,3
29.826918,3,finish,2,0,3
29.897984,3,finish,2,0,3
30.108499,3,start,2,0,3
30.132058,3,start,2,0,3
30.178045,3,finish,2,0,3
30.182541,3,start,2,0,3
30.957888,3,start,2,0,3
31.000092,3,start,2,0,3
31.214233,3,finish,2,0,3
31.23176,3,finish,2,0,3
31.319613,3,start,2,0,3
31.699528,3,start,2,0,3
31.801757,3,start,2,0,3
32.126299,3,start,2,0,3
32.276945,3,start,2,0,3
32.322128,3,start,2,0,3
32.469266,3,finish,2,0,3
32.625982,3,start,2,0,3
32.706531,4,start,2,0,2
32.859577,4,finish,2,0,2
33.061145,4,start,2,0,2
33.188679,4,finish,2,0,2
33.211754,4,finish,2,0,2
33.310915,4,start,2,0,2
33.322581,4,finish,2,0,2
33.355532,4,start,2,0,2
33.442294,4,finish,2,0,2
33.83391,4,finish,2,0,2
34.243803,4,start,3,0,1
34.247168,4,start,3,0,1
34.42782,4,start,3,0,1
34.460638,4,finish,3,0,1
34.822208,4,start,3,0,1
34.851933,4,start,3,0,1
35.039271,4,finish,3,0,1
35.045911,4,finish,3,0,1
35.627237,4,finish,3,0,1
35.962144,4,start,3,0,1
35.966664,4,start,3,0,1
36.018765,4,finish,3,0,1
36.023931,4,finish,3,0,1
36.589509,4,start,3,0,1
36.655597,4,start,3,0,1
37.019768,4,start,3,0,1
37.218978,4,start,3,0,1
37.432544,4,finish,3,0,1
37.44352,4,start,3,0,1
37.44419,4,finish,3,0,1
37.66531,4,finish,3,0,1
37.985735,4,start,3,0,1
38.118113,4,finish,3,0,1
38.144238,4,finish,3,0,1
38.271881,4,start,3,0,1
38.333268,4,finish,3,0,1
38.402883,4,finish,3,0,1
38.832416,4,start,3,0,1
38.96563,4,start,3,0,1
39.296736,3,start,4,0,1
39.37536,3,finish,4,0,1
39.45981,3,finish,4,0,1
39.555114,3,finish,4,0,1
39.639662,3,start,4,0,1
39.984559,3,finish,4,0,1
40.046523,3,finish,4,0,1
40.071738,3,finish,4,0,1
40.127376,3,finish,4,0,1
40.197426,3,start,4,0,1
40.641885,3,start,4,0,1
40.690815,3,start,4,0,1
40.781308,3,finish,4,0,1
40.795682,3,start,4,0,1
40.84228,3,finish,4,0,1
41.082747,3,finish,4,0,1
41.478543,3,finish,4,0,1
41.505993,3,finish,4,0,1
41.641194,3,finish,4,0,1
41.672016,3,start,4,0,1
41.719518,3,start,4,0,1
41.872349,3,start,4,0,1
42.299399,3,start,4,0,1
42.476766,3,finish,4,0,1
42.710993,3,finish,4,0,1
42.735598,3,start,4,0,1
42.799765,3,start,4,0,1
42.810149,3,finish,4,0,1
42.814038,3,finish,4,0,1
43.05122,3,finish,4,0,1
43.545827,3,finish,4,0,1
44.347062,3,finish,4,0,1
44.409215,3,finish,4,0,1
44.596288,3,start,4,0,1
44.721888,3,finish,4,0,1
44.753799,3,finish,4,0,1
44.888548,3,finish,4,0,1
44.969209,3,start,4,0,1
45.631092,3,finish,4,0,1
45.85499,3,start,4,0,1
45.860139,3,start,4,0,1
45.914057,3,finish,4,0,1
45.945725,3,start,4,0,1
46.083564,3,start,3,0,2
46.129391,3,start,3,0,2
46.396857,3,start,3,0,2
46.508754,3,start,3,0,2
46.578149,3,start,3,0,2
46.722594,3,start,3,0,2
46.780235,3,finish,3,0,2
46.826648,3,start,3,0,2
46.946459,3,start,3,0,2
47.211147,3,finish,3,0,2
47.84014,3,start,3,0,2
48.01677,3,finish,3,0,2
48.206663,3,start,3,0,2
48.30203,3,finish,3,0,2
48.363965,3,finish,3,0,2
48.408389,3,finish,3,0,2
48.568822,3,start,3,0,2
48.602833,3,finish,3,0,2
48.605634,3,start,3,0,2
48.682779,3,finish,3,0,2
48.702486,3,start,3,0,2
48.806913,3,start,3,0,2
48.867887,3,start,2,0,3
48.99913,3,start,1,0,4
49.280963,3,start,1,0,4
49.295908,3,finish,1,0,4
49.426746,3,start,1,0,4
49.591792,3,finish,1,0,4
49.6774,3,start,2,0,3
49.687541,3,finish,2,0,3
49.703262,3,start,2,0,3
49.912208,3,start,2,0,3
49.921591,3,finish,2,0,3
50.625752,3,start,1,0,4
50.83798,2,start,2,0,4
50.932672,2,finish,2,0,4
51.14191,2,finish,2,0,4
51.185328,2,finish,2,0,4
51.618407,2,finish,2,0,4
51.668446,2,start,2,0,4
52.067566,2,finish,2,0,4
52.095836,2,finish,2,0,4
52.782324,2,finish,2,0,4
53.278345,2,finish,2,0,4
53.319111,2,finish,2,0,4
53.342993,2,finish,2,0,4
53.573188,2,start,2,0,4
53.613066,2,start,2,0,4
53.697215,2,finish,2,0,4
53.936754,2,finish,2,0,4
54.169553,2,finish,2,0,4
54.442826,2,start,2,0,4
54.818758,2,finish,2,0,4
54.839072,2,finish,2,0,4
55.184336,2,start,2,0,4
55.242885,2,start,2,0,4
55.273989,2,finish,2,0,4
55.435182,2,finish,2,0,4
55.609023,2,start,2,0,4
55.718091,2,start,2,0,4
55.891998,2,finish,2,0,4
55.969303,2,start,2,0,4
55.978564,2,start,2,0,4
56.011086,2,finish,2,0,4
56.073671,2,start,2,0,4
56.152608,2,start,2,0,4
56.803118,2,start,2,0,4
56.949874,2,finish,2,0,4
57.018747,2,start,2,0,4
57.121162,2,start,2,0,4
57.226356,2,start,2,0,4
57.307446,2,finish,2,0,4
57.49613,2,finish,2,0,4
57.591669,2,finish,2,0,4
57.614977,2,start,2,0,4
57.715935,2,start,2,0,4
57.911946,2,start,2,0,4
58.374871,2,start,2,0,4
58.724558,2,finish,2,0,4
58.747834,2,start,2,0,4
58.830066,2,finish,2,0,4
58.855231,2,finish,2,0,4
58.874449,2,finish,2,0,4
59.033789,2,start,2,0,4
59.511747,2,finish,2,0,4
59.796422,3,start,1,0,4
59.862445,3,start,1,0,4
59.885167,3,finish,1,0,4
60.081288,3,finish,1,0,4
60.137241,3,start,1,0,4
60.141646,3,start,1,0,4
60.296111,3,start,1,0,4
60.358998,3,finish,1,0,4
60.464231,3,finish,1,0,4
60.473188,3,finish,1,0,4
60.72229,3,finish,1,0,4
60.782476,3,finish,1,0,4
61.025429,3,finish,1,0,4
61.089797,3,start,1,0,4
61.134534,3,finish,1,0,4
61.27077,3,finish,1,0,4
61.410018,3,finish,1,0,4
61.416829,3,start,1,0,4
61.562946,3,start,1,0,4
61.618326,3,finish,1,0,4
61.640801,3,start,1,0,4
62.106925,3,start,1,0,4
62.179892,3,start,1,0,4
62.574574,3,start,1,0,4
62.647265,3,finish,1,0,4
62.712237,3,start,1,0,4
62.777539,3,start,1,0,4
62.82481,3,finish,1,0,4
62.961346,3,finish,1,0,4
63.037638,3,start,2,0,3
63.299744,3,finish,2,0,3
63.532305,3,start,2,0,3
63.637259,3,finish,2,0,3
63.695083,3,start,2,0,3
63.721538,3,finish,2,0,3
63.974761,3,start,2,0,3
64.261527,3,finish,2,0,3
64.323712,3,finish,2,0,3
64.880935,3,start,2,0,3
64.965731,3,finish,2,0,3
64.971361,3,finish,2,0,3
65.319274,3,start,2,0,3
65.373866,3,finish,2,0,3
65.439382,3,start,2,0,3
65.552463,3,start,3,0,2
65.849648,3,finish,3,0,2
65.880227,3,start,3,0,2
65.912925,3,finish,3,0,2
66.073804,3,start,3,0,2
66.074809,3,finish,3,0,2
66.384132,3,start,3,0,2
66.39668,3,finish,3,0,2
66.399329,3,finish,3,0,2
66.930252,3,start,3,0,2
67.180328,3,start,3,0,2
67.393228,3,start,3,0,2
67.4456,3,finish,3,0,2
67.560145,3,finish,3,0,2
67.710755,3,finish,3,0,2
67.801884,3,start,3,0,2
67.83487,3,finish,3,0,2
67.946281,3,start,3,0,2
68.08217,3,start,3,0,2
68.094721,3,start,3,0,2
68.190135,3,finish,3,0,2
68.347474,3,start,3,0,2
68.667169,3,start,3,0,2
69.100119,3,finish,3,0,2
69.1085,3,start,3,0,2
69.108561,3,finish,3,0,2
69.297249,3,finish,3,0,2
69.520379,3,start,3,0,2
69.620275,3,start,3,0,2
69.715241,3,start,3,0,2
69.809435,3,start,3,0,2
69.858415,3,start,4,0,1
70.154496,3,start,4,0,1
70.166498,3,start,4,0,1
70.242701,3,start,4,0,1
70.316063,3,start,4,0,1
70.569549,3,finish,4,0,1
70.605182,3,start,4,0,1
70.779167,3,finish,4,0,1
70.782445,3,start,4,0,1
70.972781,3,finish,4,0,1
71.00224,3,start,3,0,2
71.005342,3,start,3,0,2
71.819713,3,finish,3,0,2
71.999489,3,start,3,0,2
72.138033,3,finish,3,0,2
72.156099,3,finish,3,0,2
72.306634,3,start,3,0,2
72.364797,3,start,3,0,2
72.463593,3,finish,3,0,2
72.635487,3,start,3,0,2
72.713098,3,start,3,0,2
72.770647,3,finish,3,0,2
73.04563,3,start,3,0,2
73.150374,3,finish,3,0,2
73.181071,3,start,3,0,2
73.23713,3,finish,3,0,2
73.444871,3,finish,3,0,2
73.51915,3,start,2,0,3
73.689333,3,start,2,0,3
73.863159,3,start,2,0,3
73.871861,3,start,2,0,3
73.90892,3,finish,2,0,3
73.978823,3,finish,2,0,3
74.221341,3,finish,2,0,3
74.414201,3,finish,2,0,3
74.487225,3,finish,2,0,3
74.984395,3,start,2,0,3
75.170426,3,start,2,0,3
75.175389,3,finish,2,0,3
75.382086,3,start,2,0,3
75.416258,3,finish,2,0,3
75.485091,3,finish,2,0,3
75.530378,3,finish,2,0,3
75.626313,3,start,2,0,3
76.00087,3,start,2,0,3
76.064158,3,start,2,0,3
76.07766,3,finish,2,0,3
76.140011,3,finish,2,0,3
76.177503,3,start,2,0,3
76.415196,3,finish,2,0,3
76.518525,3,start,1,0,4
76.669362,3,start,1,0,4
76.720311,3,start,1,0,4
76.880863,3,finish,1,0,4
77.041871,3,finish,1,0,4
77.053996,3,finish,1,0,4
77.163063,3,start,1,0,4
77.200482,3,start,1,0,4
77.203649,3,finish,1,0,4
78.165559,3,finish,1,0,4
78.332676,3,finish,1,0,4
78.664126,3,start,1,0,4
78.94522,3,finish,1,0,4
78.977465,3,finish,1,0,4
79.004069,3,start,1,0,4
79.415416,3,finish,1,0,4
79.483243,3,start,1,0,4
79.533813,3,start,1,0,4
79.59842,3,start,1,0,4
79.689828,3,finish,1,0,4
79.692838,3,finish,1,0,4
79.845419,3,start,1,0,4
80.268097,3,start,1,0,4
80.277026,3,start,1,0,4
80.29273,3,finish,1,0,4
80.320938,3,finish,1,0,4
80.331338,3,finish,1,0,4
80.337275,3,start,1,0,4
80.345583,3,start,1,0,4
80.48335,3,finish,1,0,4
80.706239,3,start,1,0,4
80.709267,3,finish,1,0,4
81.096346,3,start,1,0,4
81.129944,3,start,1,0,4
81.291348,3,start,1,0,4
81.519141,3,finish,1,0,4
81.704345,3,start,1,0,4
82.111631,3,finish,1,0,4
82.206902,3,finish,1,0,4
82.387087,3,start,1,0,4
82.455082,3,finish,1,0,4
82.521827,3,start,1,0,4
82.60117,3,start,1,0,4
82.846036,3,finish,1,0,4
83.022516,3,start,1,0,4
83.060198,3,start,1,0,4
83.147447,3,start,1,0,4
83.291281,3,start,1,0,4
83.336405,2,start,2,0,4
83.681928,2,start,2,0,4
83.788878,2,finish,2,0,4
83.930024,2,finish,2,0,4
84.043946,2,finish,2,0,4
84.053524,2,finish,2,0,4
84.347927,2,start,2,0,4
84.359222,2,finish,2,0,4
84.384534,2,start,2,0,4
84.863444,2,start,2,0,4
84.888657,2,start,1,0,5
85.14595,2,finish,1,0,5
85.264797,2,finish,1,0,5
85.312691,2,finish,1,0,5
85.560111,2,start,1,0,5
85.795964,2,finish,1,0,5
85.87609,2,start,2,0,4
86.054427,2,finish,2,0,4
86.100053,2,finish,2,0,4
86.311087,2,finish,2,0,4
86.331317,2,start,3,0,3
86.520451,2,finish,3,0,3
86.868942,2,start,3,0,3
86.897662,2,finish,3,0,3
87.007425,2,finish,3,0,3
87.026843,2,finish,3,0,3
87.122168,2,finish,3,0,3
87.187521,2,finish,3,0,3
87.437025,2,start,3,0,3
87.548477,2,finish,3,0,3
87.695934,2,finish,3,0,3
87.760326,2,start,3,0,3
88.096482,2,start,3,0,3
88.139988,2,start,3,0,3
88.311989,2,start,3,0,3
88.464526,2,finish,3,0,3
88.509209,2,start,3,0,3
88.592404,2,start,3,0,3
88.742598,2,finish,3,0,3
88.940218,2,finish,3,0,3
89.194694,2,finish,3,0,3
89.226121,2,finish,3,0,3
89.269114,2,start,3,0,3
89.301062,2,finish,3,0,3
89.821413,2,start,3,0,3
89.884373,2,finish,3,0,3
89.907261,2,start,3,0,3
90.034683,2,start,3,0,3
90.050148,2,start,3,0,3
90.121298,2,finish,3,0,3
90.21087,2,start,3,0,3
90.230545,2,finish,3,0,3
90.432629,2,finish,3,0,3
90.795711,2,finish,3,0,3
90.812765,2,start,3,0,3
91.137316,2,finish,3,0,3
91.142589,2,start,3,0,3
91.297264,2,finish,3,0,3
91.6289,2,finish,3,0,3
92.187713,2,start,3,0,3
92.566257,2,finish,3,0,3
92.590172,2,finish,3,0,3
92.651899,2,start,3,0,3
92.921412,2,start,3,0,3
93.044831,2,start,3,0,3
93.177069,3,start,3,0,2
93.490696,3,finish,3,0,2
93.660927,3,start,3,0,2
93.866902,3,finish,3,0,2
94.007913,3,finish,3,0,2
94.061155,3,start,3,0,2
94.232103,3,start,3,0,2
94.312363,3,finish,3,0,2
94.402785,3,finish,3,0,2
94.476489,3,finish,3,0,2
94.82801,3,start,3,0,2
94.910887,3,finish,3,0,2
95.377823,3,finish,3,0,2
95.416379,3,start,3,0,2
95.433397,3,finish,3,0,2
95.760944,3,start,3,0,2
95.914198,4,start,2,0,2
96.03247,4,finish,2,0,2
96.07392,4,finish,2,0,2
96.154801,4,start,2,0,2
96.212217,4,start,2,0,2
96.434551,4,finish,2,0,2
96.447457,4,start,2,0,2
96.463469,4,start,2,0,2
96.627617,4,finish,2,0,2
96.695722,4,finish,2,0,2
96.712311,4,finish,2,0,2
96.762082,4,finish,2,0,2
96.976423,4,start,2,0,2
97.160516,4,finish,2,0,2
97.271481,4,finish,2,0,2
97.293926,4,finish,2,0,2
97.350426,4,finish,2,0,2
97.412496,4,finish,2,0,2
97.721208,4,start,2,0,2
98.261822,4,finish,2,0,2
98.342361,4,start,2,0,2
98.66104,4,finish,2,0,2
98.762402,4,start,2,0,2
99.084094,4,start,2,0,2
99.153133,4,start,3,0,1
99.368009,4,finish,3,0,1
99.464037,4,start,3,0,1
99.506923,4,finish,3,0,1
99.583293,4,finish,3,0,1
99.70105,4,start,3,0,1
99.823592,4,finish,3,0,1
99.975806,4,finish,3,0,1
100.172715,4,finish,3,0,1
100.418358,4,finish,3,0,1
100.459176,4,finish,3,0,1
100.522779,4,finish,3,0,1
100.737683,4,start,3,0,1
100.773826,4,start,3,0,1
100.844318,4,start,2,0,2
100.900786,4,start,2,0,2
100.908106,4,finish,2,0,2
101.247061,4,finish,2,0,2
101.361926,4,finish,2,0,2
101.474072,4,finish,2,0,2
101.835386,4,finish,2,0,2
101.973558,4,finish,2,0,2
102.248415,4,finish,2,0,2
102.251857,4,start,2,0,2
102.34049,4,start,2,0,2
102.454741,4,start,2,0,2
102.487672,4,start,2,0,2
102.813293,4,start,2,0,2
103.040882,4,finish,2,0,2
103.065914,4,finish,2,0,2
103.075639,4,start,2,0,2
103.128361,4,finish,2,0,2
103.273388,4,finish,2,0,2
103.302751,4,start,2,0,2
103.311231,4,start,2,0,2
103.756105,4,finish,2,0,2
103.97488,4,start,2,0,2
104.126314,4,finish,2,0,2
104.186985,4,finish,2,0,2
104.242694,4,finish,2,0,2
104.269934,4,start,2,0,2
104.325408,4,finish,2,0,2
104.348294,4,start,2,0,2
104.374208,4,start,2,0,2
104.615714,4,start,2,0,2
104.618133,3,start,2,0,3
104.806025,3,finish,2,0,3
105.270463,3,finish,2,0,3
105.344816,3,start,2,0,3
105.55806,3,finish,2,0,3
105.606778,3,start,2,0,3
105.643326,3,finish,2,0,3
105.82503,3,start,2,0,3
105.896895,3,start,3,0,2
106.19878,3,finish,3,0,2
106.382757,3,start,3,0,2
106.487181,3,start,3,0,2
106.648287,3,start,3,0,2
106.914113,3,finish,3,0,2
107.027365,3,start,3,0,2
107.076927,3,start,3,0,2
107.463831,3,start,3,0,2
107.499792,3,start,3,0,2
107.536719,3,finish,3,0,2
107.728572,3,start,2,0,3
107.760403,3,finish,2,0,3
108.036436,3,start,3,0,2
108.526786,3,finish,3,0,2
108.668218,3,finish,3,0,2
108.807511,3,start,3,0,2
108.835067,3,finish,3,0,2
108.99566,3,finish,3,0,2
109.028536,3,finish,3,0,2
109.146862,3,start,3,0,2
109.303333,3,start,3,0,2
109.54469,3,finish,3,0,2
109.557576,3,finish,3,0,2
109.559881,3,finish,3,0,2
109.715764,3,start,3,0,2
109.834673,3,finish,3,0,2
109.902236,3,finish,3,0,2
109.977772,3,finish,3,0,2
110.208259,3,start,3,0,2
110.401343,3,start,3,0,2
110.701158,3,finish,3,0,2
110.74075,3,finish,3,0,2
110.75155,3,start,3,0,2
110.792624,3,finish,3,0,2
110.99025,3,start,3,0,2
111.037675,3,start,3,0,2
111.635431,3,finish,3,0,2
111.722769,3,start,2,0,3
111.764571,3,start,2,0,3
112.033128,3,start,2,0,3
112.170437,3,start,2,0,3
112.236774,3,finish,2,0,3
112.29733,3,start,2,0,3
112.45386,3,finish,2,0,3
112.498046,3,finish,2,0,3
112.759565,3,start,2,0,3
112.864372,2,start,3,0,3
112.895197,2,finish,3,0,3
112.904637,2,start,3,0,3
112.963811,2,finish,3,0,3
113.014752,2,finish,3,0,3
113.460757,2,finish,3,0,3
113.867283,2,finish,3,0,3
113.881636,2,finish,3,0,3
114.01838,2,start,3,0,3
114.064546,2,finish,3,0,3
114.30186,2,finish,3,0,3
114.383329,2,start,2,0,4
114.446824,2,finish,2,0,4
114.710503,2,start,2,0,4
114.820334,2,finish,2,0,4
115.273966,2,start,2,0,4
115.875134,2,start,2,0,4
115.98859,2,finish,2,0,4
116.335435,2,finish,2,0,4
116.567923,2,start,2,0,4
116.590828,2,start,2,0,4
116.621635,2,start,2,0,4
116.660488,2,finish,2,0,4
116.936253,2,finish,2,0,4
117.544145,2,finish,2,0,4
117.58264,2,start,2,0,4
117.864722,2,start,2,0,4
117.920873,2,start,2,0,4
118.145499,2,start,2,0,4
118.174408,2,start,2,0,4
118.262698,2,finish,2,0,4
118.626068,2,finish,2,0,4
118.671581,2,start,2,0,4
119.173275,2,start,2,0,4
119.176942,2,start,2,0,4
119.519329,2,finish,2,0,4
119.944357,2,start,2,0,4
119.950322,2,start,2,0,4
120.116684,2,finish,2,0,4
120.262748,2,finish,2,0,4
120.304507,2,start,2,0,4
120.463735,2,start,2,0,4
120.668034,2,finish,2,0,4
120.671775,2,start,2,0,4
120.692615,2,finish,2,0,4
120.800701,2,finish,2,0,4
120.816664,2,start,2,0,4
121.255616,2,start,2,0,4
121.689469,2,start,2,0,4
121.770483,2,finish,2,0,4
122.074811,2,start,2,0,4
122.310542,2,start,2,0,4
122.31225,2,start,3,0,3
122.608844,2,finish,3,0,3
122.623864,2,start,3,0,3
122.783584,2,finish,3,0,3
122.798112,2,start,3,0,3
122.81551,2,start,3,0,3
122.904989,2,start,3,0,3
123.24506,2,finish,3,0,3
123.255837,2,finish,3,0,3
123.324005,2,finish,3,0,3
123.398973,2,finish,3,0,3
123.433655,2,finish,3,0,3
123.438197,2,finish,3,0,3
123.452205,2,finish,3,0,3
123.469808,2,start,3,0,3
123.63041,2,finish,3,0,3
123.686115,2,finish,3,0,3
123.901078,2,finish,3,0,3
124.418681,2,finish,3,0,3
124.716735,2,finish,3,0,3
124.820656,2,start,3,0,3
125.038274,2,start,3,0,3
125.044874,2,finish,3,0,3
125.28932,2,finish,3,0,3
125.322769,2,finish,3,0,3
125.656765,2,start,3,0,3
125.861811,2,finish,3,0,3
125.864439,2,finish,3,0,3
125.889599,2,finish,3,0,3
125.96711,2,start,3,0,3
126.053944,2,finish,3,0,3
126.078197,2,finish,3,0,3
126.089656,2,start,3,0,3
126.094736,2,start,3,0,3
126.236144,2,start,3,0,3
126.244589,2,finish,3,0,3
126.532802,2,finish,3,0,3
126.862875,2,start,3,0,3
126.87352,2,start,3,0,3
126.941732,2,start,3,0,3
127.132287,2,start,3,0,3
127.418857,2,finish,3,0,3
127.54008,2,finish,3,0,3
128.212559,2,start,3,0,3
128.397558,2,start,3,0,3
128.591157,2,finish,3,0,3
128.654363,2,start,3,0,3
128.777295,2,finish,3,0,3
129.701966,2,start,3,0,3
130.138533,2,finish,3,0,3
130.330365,2,start,3,0,3
131.019566,2,finish,3,0,3
131.213312,2,finish,3,0,3
131.366194,2,finish,3,0,3
131.383655,2,start,3,0,3
131.392058,2,start,3,0,3
131.501252,2,finish,3,0,3
131.687054,2,finish,3,0,3
132.032403,2,finish,3,0,3
132.088014,2,start,3,0,3
132.36815,2,finish,3,0,3
132.413293,2,finish,3,0,3
132.491709,2,start,3,0,3
132.590971,2,finish,3,0,3
132.808232,2,start,3,0,3
132.977904,2,start,3,0,3
133.407917,2,finish,3,0,3
133.426391,2,start,3,0,3
133.56354,3,start,3,0,2
133.597672,3,finish,3,0,2
133.738678,3,finish,3,0,2
133.76683,3,start,3,0,2
134.031716,3,finish,3,0,2
134.092639,3,start,3,0,2
134.227455,3,start,3,0,2
134.248343,3,finish,3,0,2
134.302744,3,start,3,0,2
134.738197,3,start,3,0,2
134.835213,3,finish,3,0,2
134.858369,3,start,3,0,2
135.38247,3,finish,3,0,2
135.396128,3,finish,3,0,2
135.459226,3,finish,3,0,2
135.468976,3,finish,3,0,2
135.506865,3,finish,3,0,2
135.5693,3,finish,3,0,2
135.966409,3,start,3,0,2
135.969067,3,start,3,0,2
136.043447,3,start,3,0,2
136.133319,3,start,3,0,2
136.349012,3,finish,3,0,2
136.490917,3,start,3,0,2
136.770682,3,start,3,0,2
136.886494,3,start,3,0,2
137.063517,3,finish,3,0,2
137.137605,3,finish,3,0,2
137.214574,3,start,3,0,2
137.655491,3,finish,3,0,2
137.827559,3,start,3,0,2
138.242311,3,finish,3,0,2
138.272764,3,start,3,0,2
138.366522,3,start,3,0,2
138.457869,3,start,3,0,2
138.465585,3,start,3,0,2
138.478092,3,finish,3,0,2
138.488591,3,start,3,0,2
138.571551,3,start,3,0,2
138.637137,3,finish,3,0,2
138.810662,3,start,3,0,2
138.936665,3,finish,3,0,2
139.39024,3,finish,3,0,2
139.518883,3,start,3,0,2
140.101558,3,start,3,0,2
140.150687,3,start,3,0,2
140.434536,4,start,2,0,2
140.516077,4,start,2,0,2
140.584051,4,start,2,0,2
140.674277,4,finish,2,0,2
140.678127,4,start,2,0,2
140.721904,4,start,2,0,2
140.791462,4,start,1,0,3
140.834309,4,finish,1,0,3
140.855884,4,start,1,0,3
140.923382,4,finish,1,0,3
140.927144,4,start,1,0,3
141.236326,4,finish,1,0,3
141.462829,4,finish,1,0,3
141.782819,4,finish,1,0,3
141.830109,4,finish,1,0,3
142.025739,4,start,1,0,3
142.222125,4,finish,1,0,3
142.670943,4,start,1,0,3
142.966801,4,finish,1,0,3
143.203117,4,start,1,0,3
143.23065,4,start,1,0,3
143.396844,4,finish,1,0,3
143.494118,4,start,1,0,3
143.559424,4,finish,1,0,3
143.589147,4,start,1,0,3
143.688116,4,finish,1,0,3
143.706306,4,finish,1,0,3
143.781385,4,start,2,0,2
144.068884,4,finish,2,0,2
144.12832,4,finish,2,0,2
144.235765,4,finish,2,0,2
144.410447,4,start,2,0,2
144.812625,4,start,2,0,2
145.320753,4,start,2,0,2
145.549683,4,start,2,0,2
145.77576,4,start,2,0,2
145.815516,4,start,2,0,2
145.907516,4,finish,2,0,2
146.019838,4,start,2,0,2
146.055949,4,finish,2,0,2
146.135904,4,start,2,0,2
146.431074,4,start,2,0,2
146.566554,4,finish,2,0,2
146.608518,4,start,3,0,1
146.759324,4,finish,3,0,1
146.798993,4,start,2,0,2
146.828051,3,start,3,0,2
146.838434,3,finish,3,0,2
147.06102,3,finish,3,0,2
147.289133,3,finish,3,0,2
147.348682,3,finish,3,0,2
147.497365,3,finish,3,0,2
147.614466,3,start,3,0,2
147.887181,3,finish,3,0,2
148.266509,3,start,3,0,2
148.347293,3,start,3,0,2
148.596315,3,start,3,0,2
148.695071,3,start,3,0,2
148.706185,3,start,4,0,1
148.760371,2,start,5,0,1
148.992978,2,start,5,0,1
149.015576,2,start,5,0,1
149.09834,2,start,5,0,1
149.103451,2,finish,5,0,1
149.157276,2,finish,5,0,1
149.425587,2,finish,5,0,1
149.574179,2,start,5,0,1
149.76276,2,finish,5,0,1
149.868227,2,start,5,0,1
150.152396,2,start,5,0,1
150.185669,2,finish,5,0,1
150.21891,2,start,5,0,1
150.278668,2,start,5,0,1
150.534702,2,start,4,0,2
150.682549,2,finish,4,0,2
150.683729,2,finish,4,0,2
150.828867,2,start,4,0,2
150.879262,2,finish,4,0,2
150.998318,2,finish,4,0,2
151.069883,2,finish,4,0,2
151.213734,2,start,4,0,2
151.940465,2,start,4,0,2
152.103659,2,finish,4,0,2
152.137822,2,finish,4,0,2
152.333192,2,finish,4,0,2
152.371219,2,finish,4,0,2
152.722813,2,start,4,0,2
152.76652,2,start,4,0,2
152.809681,2,start,4,0,2
152.814649,2,finish,4,0,2
153.108915,2,finish,4,0,2
153.138696,2,finish,4,0,2
153.540804,2,finish,4,0,2
153.593248,2,start,4,0,2
153.623028,2,start,4,0,2
153.649926,2,start,4,0,2
153.816944,2,finish,4,0,2
153.888603,2,start,4,0,2
153.904919,2,finish,4,0,2
153.954121,2,finish,4,0,2
154.041076,2,finish,4,0,2
154.404109,2,start,4,0,2
154.5355,2,start,4,0,2
154.617607,2,finish,4,0,2
154.773661,2,start,4,0,2
154.793308,2,start,4,0,2
154.953074,2,start,4,0,2
155.059369,2,start,4,0,2
155.083431,2,start,4,0,2
155.352639,2,finish,4,0,2
155.921592,2,start,4,0,2
155.950065,2,finish,4,0,2
156.345625,2,finish,4,0,2
156.494001,2,start,4,0,2
156.701469,2,finish,4,0,2
156.990757,2,finish,4,0,2
157.174111,2,start,4,0,2
157.251119,2,finish,4,0,2
157.413491,2,start,4,0,2
157.518424,2,finish,4,0,2
157.566342,2,finish,4,0,2
157.969268,2,start,4,0,2
158.050554,2,start,4,0,2
158.218976,2,finish,4,0,2
158.386539,2,start,4,0,2
158.398845,2,start,4,0,2
158.404939,2,finish,4,0,2
158.41358,2,finish,4,0,2
158.657762,2,start,4,0,2
158.776696,2,finish,4,0,2
158.942378,2,start,4,0,2
159.245184,2,start,4,0,2
159.518607,2,start,4,0,2
159.5522,2,finish,4,0,2
159.608497,2,finish,4,0,2
159.646471,2,finish,4,0,2
160.360871,2,finish,4,0,2
160.40118,2,start,4,0,2
160.469491,2,start,4,0,2
160.535971,2,start,4,0,2
160.627149,2,finish,4,0,2
160.728256,2,start,4,0,2
160.824228,2,start,4,0,2
161.231615,2,start,3,0,3
161.490377,2,finish,3,0,3
161.759366,2,finish,3,0,3
162.070466,2,finish,3,0,3
162.080387,2,finish,3,0,3
162.503581,2,finish,3,0,3
162.514588,2,start,3,0,3
162.984711,2,start,3,0,3
162.989313,2,start,3,0,3
163.187862,2,start,3,0,3
163.252549,2,start,2,0,4
163.486016,2,finish,2,0,4
163.528609,2,finish,2,0,4
163.788695,2,finish,2,0,4
163.918054,2,start,2,0,4
164.039815,2,start,2,0,4
164.118841,2,finish,2,0,4
164.430275,2,finish,2,0,4
164.434438,2,start,2,0,4
164.567651,2,start,2,0,4
164.718743,2,finish,2,0,4
164.944902,2,start,2,0,4
164.988702,2,finish,2,0,4
165.283409,2,start,2,0,4
165.569997,2,finish,2,0,4
165.647047,2,start,2,0,4
165.659419,2,start,2,0,4
165.673071,2,finish,2,0,4
165.690543,2,start,2,0,4
165.70306,2,finish,2,0,4
165.82547,2,start,2,0,4
166.078803,2,finish,2,0,4
166.102656,2,start,2,0,4
166.272565,2,finish,2,0,4
166.44646,2,start,2,0,4
166.587371,2,finish,2,0,4
166.7056,2,start,2,0,4
166.820482,2,finish,2,0,4
166.908047,3,start,1,0,4
166.939575,3,start,1,0,4
167.108549,3,start,2,0,3
167.151953,3,start,2,0,3
167.253697,3,finish,2,0,3
167.27347,3,finish,2,0,3
167.332265,3,finish,2,0,3
167.35697,3,finish,2,0,3
167.654488,3,start,2,0,3
167.842663,3,start,2,0,3
167.946341,3,finish,2,0,3
167.974129,3,finish,2,0,3
168.093819,3,finish,2,0,3
168.516183,3,finish,2,0,3
168.665468,3,start,2,0,3
168.772641,3,start,2,0,3
168.819211,3,finish,2,0,3
168.868368,3,finish,2,0,3
169.143982,3,finish,2,0,3
169.294649,3,finish,2,0,3
169.298722,3,start,2,0,3
169.452761,3,start,2,0,3
169.964699,3,finish,2,0,3
169.980451,3,start,2,0,3
170.121597,3,finish,2,0,3
170.1879,3,start,2,0,3
170.40057,3,finish,2,0,3
170.783262,3,finish,2,0,3
170.928828,3,finish,2,0,3
171.085154,3,start,2,0,3
171.161514,3,start,2,0,3
171.204303,3,finish,2,0,3
171.207071,3,start,2,0,3
171.23642,3,finish,2,0,3
171.382939,3,finish,2,0,3
171.50244,3,start,2,0,3
171.579546,3,finish,2,0,3
171.710195,3,start,2,0,3
171.731641,3,start,2,0,3
171.734123,3,start,2,0,3
172.148848,3,finish,2,0,3
172.302687,3,start,2,0,3
172.315421,3,finish,2,0,3
172.497876,3,finish,2,0,3
172.670468,3,start,2,0,3
172.758698,3,start,2,0,3
172.912062,3,finish,2,0,3
173.312657,3,finish,2,0,3
173.619293,3,start,2,0,3
173.65588,3,finish,2,0,3
173.704172,3,finish,2,0,3
173.81441,3,finish,2,0,3
173.949545,3,finish,2,0,3
173.956652,3,finish,2,0,3
173.957362,3,start,2,0,3
174.061977,3,finish,2,0,3
174.309481,3,finish,2,0,3
174.428633,3,finish,2,0,3
174.435836,3,finish,2,0,3
174.443328,3,start,2,0,3
174.518961,3,start,2,0,3
174.686419,3,finish,2,0,3
174.933271,3,finish,2,0,3
174.947217,3,start,2,0,3
174.997649,3,finish,2,0,3
174.998603,3,start,2,0,3
175.000275,3,finish,2,0,3
175.236738,3,finish,2,0,3
175.475661,3,start,2,0,3
175.580946,3,finish,2,0,3
176.333355,3,finish,2,0,3
176.382913,3,start,2,0,3
176.617391,3,start,2,0,3
176.706292,3,start,2,0,3
176.758672,3,finish,2,0,3
177.170631,3,finish,2,0,3
177.309917,3,finish,2,0,3
177.319094,3,start,2,0,3
177.383401,3,start,2,0,3
177.592102,3,finish,2,0,3
177.711729,3,finish,2,0,3
177.904232,3,finish,2,0,3
177.962914,3,finish,2,0,3
177.974301,3,start,2,0,3
177.995287,3,finish,2,0,3
178.141416,3,start,2,0,3
178.572198,3,finish,2,0,3
178.667047,3,start,2,0,3
179.19011,3,finish,2,0,3
179.303069,3,finish,2,0,3
179.375508,3,finish,2,0,3
180.659252,3,finish,2,0,3
180.830419,3,finish,2,0,3
181.312147,3,finish,2,0,3
181.331654,3,finish,2,0,3
181.467557,3,finish,2,0,3
181.561423,3,finish,2,0,3
182.714686,3,finish,2,0,3
182.863255,3,finish,2,0,3
182.963686,3,finish,2,0,3
183.150673,3,finish,2,0,3
183.443016,3,finish,2,0,3
183.753922,3,finish,2,0,3
183.758046,3,finish,2,0,3
184.83252,3,finish,2,0,3
184.878839,3,finish,2,0,3
185.6247,3,finish,2,0,3
185.790571,3,finish,2,0,3
186.005332,3,finish,2,0,3
186.055865,3,finish,2,0,3
186.403985,3,finish,2,0,3
187.171261,3,finish,2,0,3
187.177117,3,finish,2,0,3
187.179609,3,finish,2,0,3
188.28926,3,finish,2,0,3
188.406272,3,finish,2,0,3
188.494545,3,finish,2,0,3
188.52593,3,finish,2,0,3
189.245047,3,finish,2,0,3
189.560941,3,finish,2,0,3
190.2855,3,finish,2,0,3
191.355519,3,finish,2,0,3
191.391796,3,finish,2,0,3
191.578046,3,finish,2,0,3
191.64451,3,finish,2,0,3
191.807738,3,finish,2,0,3
192.403632,3,finish,2,0,3
193.167677,3,finish,2,0,3
193.167677,2,return,3,0,3
193.330961,2,finish,3,0,3
193.573328,2,finish,3,0,3
193.616332,2,finish,3,0,3
193.69218,2,finish,3,0,3
194.099223,2,finish,3,0,3
194.346683,2,finish,3,0,3
194.465621,2,finish,3,0,3
194.574538,2,finish,3,0,3
194.574538,1,return,4,0,3
195.170943,1,finish,4,0,3
195.577349,1,finish,4,0,3
196.678803,1,finish,4,0,3
197.002408,1,finish,4,0,3
197.152016,1,finish,4,0,3
197.502467,1,finish,4,0,3
198.031724,1,finish,4,0,3
199.428224,1,finish,4,0,3
199.428224,1,return,5,0,2
200.717479,1,finish,5,0,2
200.717479,1,return,6,0,1
202.415681,1,finish,6,0,1
202.415681,1,return,5,0,2
203.75143,1,finish,5,0,2
203.75143,1,return,4,0,3
204.849574,1,finish,4,0,3
205.166248,1,finish,4,0,3
205.166248,1,return,5,0,2
